account_id,frequency,loan_amount,loan_date,loan_duration,loan_pmt,status,card_type,disp_type,num_tsns,last_tsn_date,num_cc_withdraw,num_credit_in_cash,num_collect_from_diff_bank,num_cash_withdraw,num_remit_to_diff_bank,avg_cc_withdraw,avg_credit_in_cash,avg_collect_from_diff_bank,avg_cash_withdraw,avg_remit_to_diff_bank
2,POPLATEK MESICNE,80952,1994-01-05,24,3373.0,A,None,OWNER,956,1998-12-31,0.0,24.0,140.0,474.0,178.0,0.0,101.2552,3217.4393,2094.5962,1157.41
19,POPLATEK MESICNE,30276,1996-04-29,12,2523.0,B,None,OWNER,303,1998-12-31,0.0,17.0,45.0,143.0,8.0,0.0,151.1551,2448.2079,2515.3531,66.6139
25,POPLATEK MESICNE,30276,1997-12-08,12,2523.0,A,None,OWNER,274,1998-12-31,0.0,54.0,0.0,99.0,93.0,0.0,5431.2847,0.0,4435.9416,907.7847
37,POPLATEK MESICNE,318480,1998-10-14,60,5308.0,D,None,OWNER,130,1998-12-31,0.0,19.0,0.0,51.0,43.0,0.0,3803.8,0.0,2891.1538,579.0769
38,POPLATEK TYDNE,110736,1998-04-19,48,2307.0,C,None,OWNER,130,1998-12-31,0.0,14.0,17.0,37.0,45.0,0.0,382.3077,1969.6923,1205.2231,823.1308
67,POPLATEK MESICNE,165960,1996-05-02,24,6915.0,A,None,OWNER,382,1998-12-31,0.0,2.0,50.0,164.0,116.0,0.0,17.801,5919.3848,4604.0236,1257.8743
97,POPLATEK MESICNE,102876,1997-08-10,12,8573.0,A,classic,OWNER,548,1998-12-31,10.0,70.0,0.0,162.0,242.0,48.1752,2319.2701,0.0,1333.9599,765.1168
103,POPLATEK MESICNE,265320,1997-12-06,36,7370.0,D,None,OWNER,185,1998-12-31,0.0,38.0,0.0,90.0,11.0,0.0,4691.0595,0.0,4093.5135,438.2162
105,POPLATEK MESICNE,352704,1998-12-05,48,7348.0,C,classic,OWNER,59,1998-12-31,0.0,14.0,0.0,28.0,1.0,0.0,4285.3051,0.0,3913.9661,124.5424
110,POPLATEK MESICNE,162576,1997-09-08,36,4516.0,C,classic,OWNER,209,1998-12-31,5.0,32.0,0.0,79.0,64.0,70.8134,3568.8852,0.0,2464.8804,707.2153
132,POPLATEK PO OBRATU,88440,1996-11-06,12,7370.0,A,classic,OWNER,396,1998-12-31,4.0,94.0,0.0,210.0,24.0,37.8788,6458.4394,0.0,5832.1061,446.6667
173,POPLATEK MESICNE,104808,1994-05-31,12,8734.0,A,None,OWNER,1144,1998-12-31,0.0,190.0,0.0,352.0,480.0,0.0,2297.4126,0.0,1159.5804,1041.021
176,POPLATEK TYDNE,27456,1997-04-10,12,2288.0,A,None,OWNER,274,1998-12-31,0.0,53.0,0.0,102.0,90.0,0.0,5385.0949,0.0,4598.0547,545.9051
226,POPLATEK MESICNE,109344,1998-07-12,12,9112.0,C,classic,OWNER,129,1998-12-31,6.0,33.0,0.0,44.0,24.0,112.4031,3757.4729,0.0,1662.4419,1669.5814
276,POPLATEK MESICNE,160920,1998-12-02,36,4470.0,C,classic,OWNER,65,1998-12-31,1.0,1.0,13.0,28.0,9.0,55.3846,10.7692,5983.5692,4361.7385,710.2615
290,POPLATEK MESICNE,123696,1994-11-03,48,2577.0,A,None,OWNER,491,1998-12-31,0.0,100.0,0.0,171.0,160.0,0.0,4261.6151,0.0,3283.0631,927.9185
303,POPLATEK MESICNE,112752,1998-05-30,36,3132.0,C,classic,OWNER,176,1998-12-31,2.0,33.0,0.0,80.0,32.0,33.5227,2865.6818,0.0,1956.5909,664.767
309,POPLATEK MESICNE,91248,1998-11-25,48,1901.0,C,None,OWNER,108,1998-12-31,0.0,22.0,0.0,65.0,1.0,0.0,3944.6296,0.0,3724.1204,17.6019
314,POPLATEK PO OBRATU,66840,1997-05-03,24,2785.0,C,None,OWNER,446,1998-12-31,0.0,8.0,70.0,196.0,102.0,0.0,37.2197,6287.3946,4079.0942,2153.009
319,POPLATEK TYDNE,369000,1997-07-11,60,6150.0,C,None,OWNER,376,1998-12-31,0.0,74.0,0.0,138.0,126.0,0.0,4557.5319,0.0,3726.367,645.7021
330,POPLATEK MESICNE,331584,1998-07-12,48,6908.0,C,None,OWNER,260,1998-12-31,0.0,52.0,0.0,146.0,12.0,0.0,4740.0769,0.0,4246.4615,318.8308
339,POPLATEK TYDNE,468060,1997-12-25,60,7801.0,C,classic,OWNER,432,1998-12-31,4.0,4.0,56.0,196.0,116.0,27.7778,18.5185,6609.3102,5311.5324,873.6898
344,POPLATEK MESICNE,100980,1994-12-21,60,1683.0,C,None,OWNER,399,1998-12-31,0.0,67.0,0.0,166.0,105.0,0.0,2354.2406,0.0,1357.2431,879.4662
347,POPLATEK MESICNE,187224,1995-05-01,24,7801.0,B,None,OWNER,379,1998-12-31,0.0,89.0,0.0,207.0,22.0,0.0,5251.3615,0.0,4679.0686,452.8285
349,POPLATEK MESICNE,42816,1998-09-09,12,3568.0,C,None,OWNER,214,1998-12-31,0.0,64.0,0.0,76.0,36.0,0.0,1660.8318,0.0,775.2336,743.1028
378,POPLATEK MESICNE,230400,1997-10-11,60,3840.0,C,None,OWNER,344,1998-12-31,0.0,73.0,0.0,114.0,127.0,0.0,5741.1163,0.0,4691.9186,959.1744
426,POPLATEK MESICNE,252060,1994-07-19,60,4201.0,D,None,OWNER,444,1998-12-31,0.0,89.0,0.0,129.0,165.0,0.0,3515.4887,0.0,1922.8581,1543.8536
440,POPLATEK MESICNE,84288,1998-03-13,48,1756.0,C,None,OWNER,147,1998-12-31,0.0,28.0,0.0,67.0,28.0,0.0,2962.1769,0.0,1716.9048,860.4014
442,POPLATEK MESICNE,357840,1997-07-10,48,7455.0,D,None,OWNER,80,1998-12-31,0.0,18.0,0.0,24.0,21.0,0.0,5343.0375,0.0,3365.075,1323.7875
472,POPLATEK MESICNE,196800,1997-04-28,24,8200.0,D,None,OWNER,159,1998-12-31,0.0,2.0,26.0,86.0,19.0,0.0,15.0943,8819.0629,7700.195,979.8742
501,POPLATEK MESICNE,262980,1996-10-24,60,4383.0,C,None,OWNER,233,1998-12-31,0.0,57.0,0.0,112.0,26.0,0.0,5718.1888,0.0,4916.9528,489.0901
525,POPLATEK MESICNE,210384,1997-07-16,48,4383.0,C,None,OWNER,188,1998-12-31,0.0,45.0,0.0,71.0,40.0,0.0,5046.8138,0.0,3366.8138,1185.9202
544,POPLATEK MESICNE,91152,1996-08-22,24,3798.0,A,classic,OWNER,254,1998-12-31,4.0,13.0,43.0,127.0,24.0,32.6772,279.5276,4216.878,3704.0433,358.8661
666,POPLATEK MESICNE,12540,1997-11-28,12,1045.0,A,classic,OWNER,552,1998-12-31,38.0,90.0,0.0,166.0,192.0,140.5797,2066.2609,0.0,883.0435,773.1304
675,POPLATEK MESICNE,102240,1997-04-01,60,1704.0,C,classic,OWNER,526,1998-12-31,8.0,130.0,0.0,192.0,114.0,35.7414,1980.0038,0.0,708.8973,1006.3574
718,POPLATEK MESICNE,76944,1997-08-20,12,6412.0,A,classic,OWNER,281,1998-12-31,3.0,59.0,0.0,96.0,92.0,33.8078,5008.0249,0.0,3256.395,1583.0071
785,POPLATEK TYDNE,156096,1998-02-12,36,4336.0,C,None,OWNER,108,1998-12-31,0.0,6.0,17.0,45.0,23.0,0.0,94.4444,4456.2593,2895.9352,1263.2963
789,POPLATEK MESICNE,73056,1995-11-23,48,1522.0,C,None,OWNER,588,1998-12-31,0.0,106.0,0.0,146.0,242.0,0.0,1033.9864,0.0,242.2109,733.5442
790,POPLATEK MESICNE,208128,1994-07-24,48,4336.0,B,classic,OWNER,406,1998-12-31,16.0,91.0,0.0,191.0,41.0,83.7438,4649.936,0.0,4084.9212,437.8719
808,POPLATEK MESICNE,215616,1996-04-11,48,4492.0,D,None,OWNER,286,1998-12-31,0.0,44.0,0.0,127.0,31.0,0.0,2458.7762,0.0,1886.8706,486.9231
813,POPLATEK MESICNE,24312,1994-05-11,12,2026.0,A,None,OWNER,392,1998-12-31,0.0,13.0,71.0,225.0,12.0,0.0,82.6531,2387.3929,2345.0051,62.0204
816,POPLATEK MESICNE,48624,1995-01-08,24,2026.0,A,None,OWNER,493,1998-12-31,0.0,118.0,0.0,227.0,83.0,0.0,5696.4868,0.0,4888.3854,638.8438
817,POPLATEK MESICNE,538500,1995-02-17,60,8975.0,C,None,OWNER,361,1998-12-31,0.0,58.0,0.0,147.0,99.0,0.0,3673.8393,0.0,1753.1302,1819.7091
825,POPLATEK MESICNE,53076,1997-02-02,12,4423.0,A,classic,OWNER,218,1998-12-31,2.0,48.0,0.0,93.0,41.0,25.2294,2838.9266,0.0,1173.922,1471.9771
846,POPLATEK MESICNE,187104,1996-07-28,24,7796.0,A,classic,OWNER,229,1998-12-31,1.0,64.0,0.0,106.0,24.0,14.4105,6433.8865,0.0,5139.8079,817.048
854,POPLATEK MESICNE,87216,1995-05-30,48,1817.0,C,None,OWNER,511,1998-12-31,0.0,66.0,0.0,163.0,219.0,0.0,1414.771,0.0,689.7652,650.6771
873,POPLATEK MESICNE,178500,1998-02-24,60,2975.0,C,None,OWNER,150,1998-12-31,0.0,33.0,0.0,41.0,56.0,0.0,1219.7867,0.0,473.7667,667.0867
915,POPLATEK MESICNE,309552,1995-09-16,48,6449.0,C,None,OWNER,330,1998-12-31,0.0,7.0,47.0,147.0,82.0,0.0,87.8788,5979.9818,3224.8455,2624.3152
938,POPLATEK MESICNE,22260,1998-05-21,60,371.0,C,None,OWNER,63,1998-12-31,0.0,19.0,0.0,18.0,14.0,0.0,1338.0952,0.0,484.2063,405.8889
940,POPLATEK MESICNE,284280,1996-05-29,60,4738.0,C,gold,OWNER,594,1998-12-31,8.0,16.0,98.0,312.0,62.0,34.3434,107.0707,6815.771,6075.202,494.5387
960,POPLATEK PO OBRATU,189060,1995-05-24,60,3151.0,C,classic,OWNER,369,1998-12-31,9.0,5.0,50.0,166.0,89.0,59.0786,110.2981,5909.4715,4671.7561,1107.6775
993,POPLATEK MESICNE,108720,1998-07-01,60,1812.0,C,classic,OWNER,105,1998-12-31,1.0,26.0,0.0,47.0,6.0,17.1429,6096.7619,0.0,5040.4667,103.5429
1004,POPLATEK MESICNE,188532,1998-04-11,36,5237.0,C,None,OWNER,210,1998-12-31,0.0,57.0,0.0,116.0,9.0,0.0,7460.7238,0.0,6903.4667,224.4429
1011,POPLATEK MESICNE,204000,1995-12-18,60,3400.0,C,None,OWNER,323,1998-12-31,0.0,10.0,48.0,137.0,80.0,0.0,131.2693,3284.6811,1930.6904,1344.1981
1012,POPLATEK MESICNE,98184,1994-10-28,24,4091.0,A,None,OWNER,412,1998-12-31,0.0,17.0,54.0,212.0,21.0,0.0,280.3398,3485.1626,3491.5728,208.5218
1068,POPLATEK MESICNE,253200,1998-09-24,60,4220.0,C,None,OWNER,158,1998-12-31,0.0,27.0,0.0,52.0,57.0,0.0,2819.057,0.0,1584.7089,1064.6582
1071,POPLATEK TYDNE,253200,1994-01-20,60,4220.0,C,None,OWNER,393,1998-12-31,0.0,85.0,0.0,181.0,59.0,0.0,4784.0407,0.0,4112.8092,633.5369
1083,POPLATEK MESICNE,50976,1998-04-16,36,1416.0,C,None,OWNER,192,1998-12-31,0.0,34.0,0.0,63.0,70.0,0.0,1793.6458,0.0,867.2917,827.2604
1093,POPLATEK MESICNE,385104,1997-06-13,48,8023.0,C,None,OWNER,243,1998-12-31,0.0,1.0,35.0,123.0,49.0,0.0,4.1152,7527.6091,5491.144,1903.3128
1106,POPLATEK TYDNE,192552,1994-11-12,24,8023.0,B,None,OWNER,379,1998-12-31,0.0,85.0,0.0,212.0,20.0,0.0,4655.1135,0.0,4252.1029,423.3773
1166,POPLATEK MESICNE,149040,1994-02-07,48,3105.0,A,None,OWNER,447,1998-12-31,0.0,5.0,68.0,194.0,112.0,0.0,21.0291,3084.3132,2068.651,962.9709
1242,POPLATEK PO OBRATU,128544,1997-09-07,24,5356.0,C,None,OWNER,230,1998-12-31,0.0,43.0,0.0,61.0,100.0,0.0,3857.5087,0.0,2542.9,1198.3478
1244,POPLATEK MESICNE,35904,1997-02-28,48,748.0,C,None,OWNER,254,1998-12-31,0.0,43.0,0.0,52.0,128.0,0.0,789.1811,0.0,298.7795,425.2874
1247,POPLATEK MESICNE,99696,1995-03-16,48,2077.0,D,None,OWNER,429,1998-12-31,0.0,107.0,0.0,220.0,42.0,0.0,5768.3893,0.0,5358.7389,203.3427
1250,POPLATEK MESICNE,182640,1996-11-25,48,3805.0,C,None,OWNER,221,1998-12-31,0.0,2.0,33.0,71.0,82.0,0.0,6.7873,3719.0633,1902.7376,1759.4299
1252,POPLATEK TYDNE,148140,1997-04-01,36,4115.0,C,None,OWNER,240,1998-12-31,0.0,5.0,41.0,132.0,21.0,0.0,25.0,4577.5667,4010.1417,360.0625
1256,POPLATEK MESICNE,71064,1995-05-29,36,1974.0,A,None,OWNER,409,1998-12-31,0.0,61.0,0.0,152.0,140.0,0.0,2305.1149,0.0,1210.8191,1016.4303
1270,POPLATEK PO OBRATU,74772,1997-07-01,36,2077.0,C,None,OWNER,186,1998-12-31,0.0,4.0,31.0,76.0,44.0,0.0,44.6237,2278.3656,1407.7312,782.7849
1284,POPLATEK MESICNE,52512,1998-12-05,12,4376.0,C,None,OWNER,91,1998-12-31,0.0,25.0,0.0,51.0,1.0,0.0,6164.0549,0.0,5816.8791,48.0879
1318,POPLATEK MESICNE,185544,1998-10-11,36,5154.0,C,None,OWNER,57,1998-12-31,0.0,16.0,0.0,13.0,18.0,0.0,3597.3333,0.0,1909.9298,1107.0175
1329,POPLATEK MESICNE,23520,1997-09-06,12,1960.0,A,None,OWNER,350,1998-12-31,0.0,10.0,54.0,116.0,116.0,0.0,112.0,1982.5829,713.1543,1244.84
1374,POPLATEK MESICNE,389136,1997-09-15,48,8107.0,C,None,OWNER,166,1998-12-31,0.0,2.0,27.0,95.0,15.0,0.0,24.0964,8644.5663,7745.5602,732.5602
1375,POPLATEK MESICNE,45336,1995-08-29,24,1889.0,A,None,OWNER,358,1998-12-31,0.0,60.0,0.0,166.0,76.0,0.0,3478.8994,0.0,2285.3771,987.9777
1389,POPLATEK MESICNE,125472,1998-09-02,24,5228.0,C,None,OWNER,126,1998-12-31,0.0,35.0,0.0,55.0,19.0,0.0,5530.1905,0.0,4126.0794,925.0159
1407,POPLATEK PO OBRATU,125472,1998-01-17,24,5228.0,C,None,OWNER,364,1998-12-31,0.0,102.0,0.0,160.0,60.0,0.0,7282.7692,0.0,5039.8407,1869.5934
1447,POPLATEK MESICNE,100080,1997-06-03,48,2085.0,C,None,OWNER,127,1998-12-31,0.0,8.0,22.0,39.0,36.0,0.0,88.189,2363.7165,858.3386,1459.1339
1480,POPLATEK TYDNE,123300,1998-01-19,36,3425.0,C,classic,OWNER,162,1998-12-31,4.0,42.0,0.0,79.0,11.0,70.3704,6490.4691,0.0,6035.9259,232.5617
1498,POPLATEK TYDNE,165780,1998-10-07,60,2763.0,C,None,OWNER,132,1998-12-31,0.0,27.0,0.0,61.0,2.0,0.0,4971.5227,0.0,4463.947,41.8636
1527,POPLATEK PO OBRATU,164052,1994-11-19,36,4557.0,B,None,OWNER,389,1998-12-31,0.0,88.0,0.0,207.0,32.0,0.0,4746.4062,0.0,4313.8997,374.8689
1528,POPLATEK MESICNE,191088,1997-07-21,48,3981.0,C,None,OWNER,193,1998-12-31,0.0,37.0,0.0,108.0,17.0,0.0,3253.9689,0.0,2598.8083,350.658
1580,POPLATEK MESICNE,194256,1997-11-27,24,8094.0,C,classic,OWNER,208,1998-12-31,3.0,50.0,0.0,107.0,13.0,46.6346,5716.3221,0.0,5039.0817,505.875
1583,POPLATEK PO OBRATU,388512,1996-08-24,48,8094.0,D,None,OWNER,339,1998-12-31,0.0,91.0,0.0,174.0,24.0,0.0,5720.9735,0.0,4969.2596,573.0265
1603,POPLATEK MESICNE,78936,1994-02-06,12,6578.0,A,None,OWNER,499,1998-12-31,0.0,129.0,0.0,164.0,138.0,0.0,1676.3687,0.0,960.1303,605.8798
1638,POPLATEK TYDNE,64224,1998-01-26,24,2676.0,C,None,OWNER,220,1998-12-31,0.0,46.0,0.0,70.0,52.0,0.0,3492.4273,0.0,1696.3818,1597.0091
1656,POPLATEK MESICNE,189792,1998-10-29,48,3954.0,C,None,OWNER,144,1998-12-31,0.0,7.0,23.0,71.0,20.0,0.0,113.8889,4119.0972,2372.4931,1569.0417
1698,POPLATEK MESICNE,141948,1996-07-06,36,3943.0,C,classic,OWNER,213,1998-12-31,0.0,36.0,0.0,86.0,58.0,0.0,3280.1362,0.0,1202.4413,1849.6009
1718,POPLATEK MESICNE,172272,1998-08-20,24,7178.0,C,None,OWNER,83,1998-12-31,0.0,1.0,15.0,38.0,14.0,0.0,3.6145,8732.6747,5341.5663,2087.6145
1762,POPLATEK MESICNE,248148,1995-04-28,36,6893.0,A,None,OWNER,490,1998-12-31,0.0,68.0,0.0,161.0,201.0,0.0,2581.6735,0.0,1338.1327,1199.7612
1766,POPLATEK MESICNE,30060,1996-06-15,60,501.0,C,classic,OWNER,483,1998-12-31,24.0,55.0,0.0,134.0,218.0,113.6646,2302.3851,0.0,1412.2671,696.2215
1772,POPLATEK TYDNE,202788,1996-03-13,36,5633.0,C,None,OWNER,330,1998-12-31,0.0,7.0,46.0,156.0,75.0,0.0,106.9697,7302.8667,5124.4939,2089.8091
1776,POPLATEK MESICNE,43200,1998-05-27,24,1800.0,C,None,OWNER,103,1998-12-31,0.0,19.0,0.0,48.0,19.0,0.0,2504.6408,0.0,1357.0874,787.5728
1787,POPLATEK TYDNE,96396,1993-07-05,12,8033.0,B,None,OWNER,403,1998-12-31,0.0,90.0,0.0,245.0,4.0,0.0,5081.2035,0.0,5010.8238,79.732
1801,POPLATEK MESICNE,165960,1993-07-11,36,4610.0,A,None,OWNER,633,1998-12-31,0.0,117.0,0.0,205.0,240.0,0.0,3809.5371,0.0,2499.6935,1179.8041
1808,POPLATEK MESICNE,385584,1998-09-30,48,8033.0,C,None,OWNER,202,1998-12-31,0.0,62.0,0.0,102.0,6.0,0.0,6267.8515,0.0,5596.4851,238.604
1811,POPLATEK MESICNE,239460,1994-06-23,60,3991.0,C,None,OWNER,470,1998-12-31,0.0,16.0,63.0,158.0,170.0,0.0,139.3617,3489.8681,1713.4936,1809.9404
1819,POPLATEK TYDNE,143676,1998-01-11,36,3991.0,C,None,OWNER,184,1998-12-31,0.0,40.0,0.0,51.0,67.0,0.0,4543.337,0.0,2709.9728,1289.7717
1843,POPLATEK MESICNE,105804,1993-08-03,36,2939.0,A,classic,OWNER,462,1998-12-31,2.0,11.0,71.0,205.0,103.0,11.6883,66.6667,2938.6667,1702.7403,1243.2944
1862,POPLATEK TYDNE,396120,1996-10-16,60,6602.0,C,classic,OWNER,275,1998-12-31,3.0,6.0,44.0,152.0,26.0,32.7273,90.9091,6913.7455,6112.2073,624.1891
1869,POPLATEK MESICNE,37944,1998-01-29,36,1054.0,C,classic,OWNER,169,1998-12-31,12.0,31.0,0.0,85.0,11.0,139.0533,4746.0355,0.0,4037.7219,68.6036
1876,POPLATEK MESICNE,209040,1998-09-10,24,8710.0,C,junior,OWNER,92,1998-12-31,1.0,19.0,0.0,32.0,25.0,11.9565,3445.663,0.0,2195.7609,735.75
1886,POPLATEK MESICNE,162468,1996-07-31,36,4513.0,C,None,OWNER,418,1998-12-31,0.0,2.0,68.0,164.0,116.0,0.0,3.3493,4793.3589,3377.2775,1208.7033
1888,POPLATEK MESICNE,57360,1997-08-30,12,4780.0,B,None,OWNER,249,1998-12-31,0.0,4.0,26.0,90.0,77.0,0.0,34.5382,3300.9639,2518.2048,851.9036
1906,POPLATEK MESICNE,44952,1997-10-08,24,1873.0,C,None,OWNER,216,1998-12-31,0.0,40.0,0.0,84.0,63.0,0.0,4146.9583,0.0,3028.6481,964.8472
1928,POPLATEK MESICNE,55632,1998-12-06,24,2318.0,C,None,OWNER,119,1998-12-31,0.0,8.0,22.0,66.0,1.0,0.0,404.2017,2804.3866,2927.5378,19.479
1967,POPLATEK TYDNE,249312,1996-04-21,48,5194.0,C,None,OWNER,302,1998-12-31,0.0,75.0,0.0,114.0,67.0,0.0,6116.2351,0.0,3856.798,2191.8808
1978,POPLATEK TYDNE,205200,1994-12-04,36,5700.0,A,None,OWNER,564,1998-12-31,0.0,3.0,66.0,207.0,222.0,0.0,11.3475,4335.8918,2429.7855,1821.1596
1993,POPLATEK MESICNE,68400,1995-04-15,12,5700.0,B,None,OWNER,243,1998-12-31,0.0,48.0,0.0,134.0,11.0,0.0,4547.1893,0.0,4100.6502,258.0247
2000,POPLATEK MESICNE,290820,1998-07-14,60,4847.0,C,classic,OWNER,128,1998-12-31,0.0,19.0,0.0,49.0,43.0,0.0,2807.0156,0.0,1767.6563,532.5078
2018,POPLATEK MESICNE,38520,1997-01-21,12,3210.0,A,None,OWNER,244,1998-12-31,0.0,68.0,0.0,82.0,51.0,0.0,1188.668,0.0,471.1885,655.7582
2035,POPLATEK MESICNE,176328,1998-01-25,36,4898.0,C,None,OWNER,564,1998-12-31,0.0,10.0,62.0,192.0,238.0,0.0,43.9716,3543.3652,2236.9894,1103.9823
2051,POPLATEK TYDNE,293880,1997-04-22,60,4898.0,D,gold,OWNER,224,1998-12-31,2.0,61.0,0.0,111.0,16.0,49.5536,6632.3795,0.0,5852.2009,349.8571
2055,POPLATEK MESICNE,271260,1998-07-19,60,4521.0,C,None,OWNER,99,1998-12-31,0.0,24.0,0.0,35.0,20.0,0.0,2371.4343,0.0,1003.0808,1265.303
2062,POPLATEK MESICNE,86184,1996-10-29,12,7182.0,A,classic,OWNER,269,1998-12-31,1.0,3.0,34.0,127.0,70.0,8.9219,10.4089,5927.5539,5154.2565,670.0483
2064,POPLATEK MESICNE,83628,1997-08-26,36,2323.0,C,None,OWNER,128,1998-12-31,0.0,2.0,24.0,62.0,16.0,0.0,50.7813,2830.75,2290.9688,290.375
2073,POPLATEK MESICNE,44640,1998-10-05,24,1860.0,C,None,OWNER,83,1998-12-31,0.0,18.0,0.0,46.0,3.0,0.0,3665.2289,0.0,3183.6747,67.2289
2080,POPLATEK MESICNE,214596,1997-09-12,36,5961.0,C,classic,OWNER,256,1998-12-31,2.0,2.0,40.0,108.0,64.0,16.4063,3.125,8475.6875,5374.0313,2448.625
2106,POPLATEK MESICNE,101520,1996-10-03,12,8460.0,A,None,OWNER,185,1998-12-31,0.0,37.0,0.0,70.0,43.0,0.0,2559.9784,0.0,1301.4595,1129.8811
2116,POPLATEK MESICNE,92400,1997-08-04,12,7700.0,A,classic,OWNER,224,1998-12-31,3.0,45.0,0.0,76.0,68.0,29.4643,3707.0313,0.0,2567.067,1001.75
2134,POPLATEK MESICNE,22932,1997-03-17,36,637.0,C,None,OWNER,204,1998-12-31,0.0,31.0,0.0,73.0,71.0,0.0,1986.6275,0.0,1200.2941,526.2353
2142,POPLATEK MESICNE,23328,1998-03-07,12,1944.0,C,None,OWNER,182,1998-12-31,0.0,40.0,0.0,68.0,42.0,0.0,3703.5714,0.0,1989.7253,1394.3736
2143,POPLATEK MESICNE,71460,1996-09-09,36,1985.0,C,junior,OWNER,456,1998-12-31,20.0,74.0,0.0,174.0,118.0,95.1754,3793.6316,0.0,2361.7105,1231.4211
2153,POPLATEK TYDNE,61560,1996-11-28,12,5130.0,A,classic,OWNER,274,1998-12-31,0.0,1.0,36.0,94.0,107.0,0.0,0.7299,4380.6788,2283.938,1882.3102
2165,POPLATEK MESICNE,78600,1997-08-22,24,3275.0,C,None,OWNER,124,1998-12-31,0.0,10.0,21.0,40.0,32.0,0.0,218.5484,3644.5887,1540.9032,2034.5806
2167,POPLATEK MESICNE,170256,1994-10-30,24,7094.0,A,classic,OWNER,412,1998-12-31,15.0,69.0,0.0,180.0,84.0,90.0485,4122.2718,0.0,2614.1869,1275.6699
2176,POPLATEK MESICNE,299088,1994-07-30,36,8308.0,B,None,OWNER,471,1998-12-05,0.0,84.0,0.0,175.0,148.0,0.0,4310.2314,0.0,3077.1359,1251.8556
2187,POPLATEK TYDNE,53472,1997-11-04,12,4456.0,A,None,OWNER,444,1998-12-31,0.0,120.0,0.0,232.0,24.0,0.0,6999.9009,0.0,6308.3604,240.8649
2218,POPLATEK MESICNE,182040,1995-11-18,60,3034.0,C,classic,OWNER,612,1998-12-31,10.0,8.0,98.0,324.0,74.0,48.6928,73.2026,7174.9444,6608.951,366.8562
2227,POPLATEK TYDNE,92976,1995-12-12,24,3874.0,A,classic,OWNER,840,1998-12-31,2.0,240.0,0.0,350.0,142.0,7.1429,6539.3905,0.0,4710.6548,1719.3286
2228,POPLATEK MESICNE,185952,1995-03-29,48,3874.0,C,None,OWNER,356,1998-12-31,0.0,72.0,0.0,137.0,91.0,0.0,4515.8343,0.0,3399.4831,1087.3034
2236,POPLATEK MESICNE,139464,1996-09-26,36,3874.0,D,None,OWNER,171,1998-11-30,0.0,30.0,0.0,85.0,18.0,0.0,3797.0058,0.0,3418.5614,407.7895
2245,POPLATEK MESICNE,347952,1995-01-16,48,7249.0,C,None,OWNER,408,1998-12-31,0.0,102.0,0.0,192.0,47.0,0.0,6102.0441,0.0,5000.527,835.0564
2246,POPLATEK MESICNE,415800,1997-02-05,60,6930.0,C,None,OWNER,189,1998-12-31,0.0,50.0,0.0,85.0,23.0,0.0,6647.8624,0.0,5435.6402,843.3333
2247,POPLATEK MESICNE,72504,1997-02-24,24,3021.0,C,None,OWNER,300,1998-12-31,0.0,39.0,0.0,82.0,146.0,0.0,2721.5533,0.0,2045.1167,598.2933
2262,POPLATEK MESICNE,230220,1998-12-02,36,6395.0,C,classic,OWNER,162,1998-12-31,3.0,46.0,0.0,89.0,1.0,48.1481,8187.2531,0.0,7447.1235,39.4753
2268,POPLATEK MESICNE,20196,1996-07-18,36,561.0,C,None,OWNER,286,1998-12-31,0.0,47.0,0.0,122.0,71.0,0.0,4134.6154,0.0,3010.542,900.1154
2279,POPLATEK TYDNE,314688,1998-06-01,48,6556.0,C,classic,OWNER,147,1998-12-31,2.0,2.0,26.0,84.0,7.0,44.898,36.0544,7626.7551,6719.5306,312.1905
2322,POPLATEK MESICNE,46320,1996-06-29,24,1930.0,A,None,OWNER,460,1998-12-31,0.0,68.0,0.0,140.0,204.0,0.0,3406.3565,0.0,2636.3913,750.3761
2334,POPLATEK MESICNE,48312,1997-08-04,24,2013.0,C,None,OWNER,214,1998-12-31,0.0,27.0,33.0,75.0,46.0,0.0,774.2991,2031.8131,1000.9019,1610.8598
2335,POPLATEK MESICNE,541200,1997-11-12,60,9020.0,D,None,OWNER,329,1998-12-31,0.0,36.0,0.0,107.0,124.0,0.0,1558.6991,0.0,843.8663,731.772
2343,POPLATEK MESICNE,99336,1995-11-04,24,4139.0,A,None,OWNER,303,1998-12-31,0.0,69.0,0.0,118.0,68.0,0.0,2129.9934,0.0,993.8779,1013.6898
2345,POPLATEK MESICNE,199680,1994-12-11,60,3328.0,C,None,OWNER,400,1998-12-31,0.0,3.0,62.0,166.0,107.0,0.0,4.75,3369.7825,2385.1125,931.42
2350,POPLATEK MESICNE,159744,1997-05-11,48,3328.0,C,classic,OWNER,199,1998-12-31,0.0,46.0,0.0,66.0,62.0,0.0,5668.593,0.0,4362.7487,950.5427
2352,POPLATEK MESICNE,49440,1996-04-29,60,824.0,C,None,OWNER,400,1998-12-31,0.0,51.0,0.0,142.0,160.0,0.0,2601.88,0.0,1796.375,669.9525
2361,POPLATEK MESICNE,156672,1995-04-01,36,4352.0,A,None,OWNER,367,1998-12-31,0.0,101.0,0.0,119.0,89.0,0.0,1632.861,0.0,511.812,1093.0817
2413,POPLATEK MESICNE,17952,1998-10-06,12,1496.0,C,None,OWNER,76,1998-12-31,0.0,18.0,0.0,31.0,13.0,0.0,3315.4868,0.0,1851.5132,907.4737
2419,POPLATEK MESICNE,95808,1995-01-30,12,7984.0,A,None,OWNER,420,1998-12-31,0.0,121.0,0.0,226.0,12.0,0.0,7231.0619,0.0,6851.5262,228.1143
2445,POPLATEK MESICNE,293160,1997-12-26,60,4886.0,C,None,OWNER,189,1998-12-31,0.0,55.0,0.0,93.0,12.0,0.0,7014.619,0.0,6359.2646,310.2222
2456,POPLATEK MESICNE,200976,1996-04-15,48,4187.0,C,None,OWNER,265,1998-12-31,0.0,18.0,40.0,100.0,67.0,0.0,286.0377,4124.1283,2505.6151,1767.4491
2486,POPLATEK MESICNE,24516,1994-01-10,12,2043.0,A,None,OWNER,534,1998-12-31,0.0,128.0,0.0,324.0,12.0,0.0,6514.6236,0.0,6353.7022,45.9101
2496,POPLATEK MESICNE,165120,1996-01-12,60,2752.0,C,None,OWNER,634,1998-12-31,0.0,148.0,0.0,202.0,174.0,0.0,1604.3691,0.0,438.7066,1114.0505
2516,POPLATEK MESICNE,466608,1997-06-13,48,9721.0,C,None,OWNER,212,1998-12-31,0.0,47.0,0.0,110.0,18.0,0.0,3329.0755,0.0,2312.3585,825.3679
2545,POPLATEK MESICNE,428784,1998-02-13,48,8933.0,C,None,OWNER,384,1998-12-31,0.0,88.0,0.0,100.0,146.0,0.0,1864.3229,0.0,864.4792,905.0573
2572,POPLATEK PO OBRATU,360000,1996-06-13,48,7500.0,C,None,OWNER,375,1998-12-31,0.0,5.0,49.0,193.0,30.0,0.0,94.1333,6964.832,6275.2827,600.0
2580,POPLATEK MESICNE,89340,1996-08-02,60,1489.0,C,None,OWNER,498,1998-12-31,0.0,108.0,0.0,188.0,126.0,0.0,2159.4096,0.0,1071.2249,858.3333
2622,POPLATEK MESICNE,136344,1998-05-21,24,5681.0,C,None,OWNER,358,1998-12-31,0.0,100.0,0.0,140.0,62.0,0.0,2471.1341,0.0,1154.6648,1169.6927
2694,POPLATEK MESICNE,91632,1994-03-08,12,7636.0,A,None,OWNER,946,1998-12-31,0.0,176.0,0.0,474.0,156.0,0.0,2961.2389,0.0,2129.334,686.5624
2699,POPLATEK MESICNE,231168,1998-08-30,48,4816.0,C,junior,OWNER,180,1998-12-31,4.0,1.0,24.0,85.0,42.0,50.5556,1.6667,6485.4,5603.1722,571.9944
2705,POPLATEK PO OBRATU,93888,1993-12-08,36,2608.0,A,None,OWNER,440,1998-12-31,0.0,48.0,66.0,163.0,97.0,0.0,613.8636,2542.975,1334.9045,1699.9795
2720,POPLATEK TYDNE,93888,1998-04-27,36,2608.0,C,None,OWNER,334,1998-12-31,0.0,88.0,0.0,124.0,84.0,0.0,6410.0659,0.0,4746.2036,1237.0599
2725,POPLATEK MESICNE,69624,1998-11-08,36,1934.0,C,classic,OWNER,160,1998-12-31,7.0,24.0,0.0,56.0,52.0,106.25,2964.0625,0.0,1982.625,416.9688
2728,POPLATEK TYDNE,156420,1998-06-15,60,2607.0,C,None,OWNER,107,1998-12-31,0.0,24.0,0.0,46.0,19.0,0.0,5132.8972,0.0,3164.6916,1509.6075
2753,POPLATEK MESICNE,66432,1997-09-30,24,2768.0,C,None,OWNER,426,1998-12-31,0.0,4.0,68.0,196.0,90.0,0.0,10.7981,3825.2582,2542.1878,1162.3944
2754,POPLATEK TYDNE,335280,1997-05-04,48,6985.0,C,None,OWNER,239,1998-12-31,0.0,1.0,35.0,88.0,80.0,0.0,2.0921,6663.8326,5399.1925,974.6444
2762,POPLATEK MESICNE,111384,1994-07-05,24,4641.0,A,None,OWNER,634,1998-12-31,0.0,148.0,0.0,256.0,160.0,0.0,5849.8927,0.0,4802.7397,993.5079
2824,POPLATEK MESICNE,50460,1994-07-16,60,841.0,C,gold,OWNER,413,1998-12-31,5.0,73.0,0.0,162.0,111.0,42.1308,2561.6053,0.0,1184.0557,1131.5617
2872,POPLATEK MESICNE,268320,1997-05-19,60,4472.0,C,None,OWNER,173,1998-12-31,0.0,32.0,0.0,46.0,67.0,0.0,2204.3179,0.0,502.8035,1614.7052
2910,POPLATEK MESICNE,437460,1998-08-29,60,7291.0,C,classic,OWNER,85,1998-12-31,2.0,1.0,14.0,32.0,22.0,56.4706,10.5882,7977.5765,5593.2353,1871.4118
2912,POPLATEK MESICNE,380160,1996-02-29,60,6336.0,C,classic,OWNER,369,1998-12-31,4.0,106.0,0.0,175.0,34.0,29.8103,7646.4309,0.0,6908.9106,583.8049
2933,POPLATEK MESICNE,272520,1994-05-17,60,4542.0,C,None,OWNER,946,1998-12-31,0.0,220.0,0.0,352.0,240.0,0.0,5311.8266,0.0,3932.7442,1339.8837
2936,POPLATEK MESICNE,504000,1998-01-20,60,8400.0,C,None,OWNER,199,1998-12-31,0.0,62.0,0.0,64.0,40.0,0.0,2256.5477,0.0,963.1156,1083.2312
2962,POPLATEK MESICNE,31248,1994-12-21,12,2604.0,A,None,OWNER,422,1998-12-05,0.0,98.0,0.0,246.0,12.0,0.0,5746.0118,0.0,5629.2299,74.0758
2982,POPLATEK MESICNE,41256,1998-04-17,12,3438.0,C,gold,OWNER,606,1998-12-31,22.0,10.0,62.0,220.0,230.0,189.4389,66.6667,5470.5215,4293.967,853.1122
2986,POPLATEK MESICNE,24792,1997-12-06,24,1033.0,C,classic,OWNER,234,1998-12-31,11.0,33.0,0.0,89.0,69.0,65.3846,3506.4872,0.0,2486.9444,618.7051
2988,POPLATEK PO OBRATU,88608,1998-07-08,12,7384.0,C,None,OWNER,336,1998-12-31,0.0,100.0,0.0,172.0,10.0,0.0,6420.6607,0.0,5933.5357,219.7619
2994,POPLATEK MESICNE,48744,1996-09-14,36,1354.0,C,classic,OWNER,212,1998-12-31,12.0,35.0,0.0,78.0,55.0,107.0755,3193.0094,0.0,2337.4764,597.3302
3005,POPLATEK PO OBRATU,390000,1998-06-05,48,8125.0,C,None,OWNER,101,1998-12-31,0.0,33.0,0.0,29.0,27.0,0.0,5738.4158,0.0,3325.505,2006.5842
3021,POPLATEK MESICNE,155616,1996-12-04,48,3242.0,C,None,OWNER,177,1998-12-31,0.0,3.0,32.0,85.0,25.0,0.0,50.2825,3846.226,3346.6441,457.9096
3037,POPLATEK MESICNE,277884,1996-04-18,36,7719.0,D,None,OWNER,269,1998-11-30,0.0,52.0,0.0,150.0,16.0,0.0,4309.3346,0.0,3848.6394,459.1227
3050,POPLATEK MESICNE,82896,1994-09-02,12,6908.0,A,classic,OWNER,1218,1998-12-31,44.0,16.0,134.0,488.0,402.0,92.775,45.3202,4967.9655,3694.7997,1157.7734
3064,POPLATEK MESICNE,15420,1995-03-21,12,1285.0,A,None,OWNER,512,1998-12-31,0.0,99.0,0.0,210.0,136.0,0.0,1506.1367,0.0,638.4961,777.1445
3084,POPLATEK TYDNE,253512,1996-08-28,36,7042.0,D,None,OWNER,200,1998-12-31,0.0,44.0,0.0,97.0,24.0,0.0,4261.285,0.0,3089.485,845.04
3112,POPLATEK MESICNE,123216,1996-02-24,48,2567.0,C,junior,OWNER,878,1998-12-31,22.0,182.0,0.0,320.0,248.0,75.1708,5548.9203,0.0,4818.0387,511.6583
3115,POPLATEK MESICNE,321180,1996-11-15,60,5353.0,C,None,OWNER,412,1998-12-31,0.0,10.0,66.0,162.0,108.0,0.0,17.4757,5613.2039,2822.7184,2722.2913
3137,POPLATEK MESICNE,253560,1998-09-21,60,4226.0,C,None,OWNER,126,1998-12-31,0.0,2.0,24.0,73.0,3.0,0.0,23.8095,5232.7937,4781.7619,100.6429
3143,POPLATEK MESICNE,130896,1998-05-15,24,5454.0,C,None,OWNER,322,1998-12-31,0.0,98.0,0.0,116.0,56.0,0.0,1936.5963,0.0,816.7391,820.6957
3161,POPLATEK MESICNE,30012,1998-06-16,12,2501.0,C,None,OWNER,143,1998-12-31,0.0,35.0,0.0,74.0,6.0,0.0,5515.8601,0.0,5192.6294,104.9371
3166,POPLATEK MESICNE,177744,1995-01-03,48,3703.0,D,classic,OWNER,427,1998-12-31,18.0,97.0,0.0,204.0,45.0,107.26,4910.1429,0.0,4289.1452,390.2459
3189,POPLATEK MESICNE,222180,1996-12-15,60,3703.0,D,None,OWNER,196,1998-12-31,0.0,42.0,0.0,97.0,20.0,0.0,3719.9847,0.0,3282.6378,377.8571
3229,POPLATEK MESICNE,39024,1997-05-01,12,3252.0,A,classic,OWNER,277,1998-12-31,2.0,53.0,0.0,103.0,82.0,11.1913,4442.7256,0.0,2592.4404,1813.6787
3230,POPLATEK MESICNE,77184,1996-10-04,36,2144.0,C,None,OWNER,264,1998-12-31,0.0,61.0,0.0,133.0,27.0,0.0,6066.2689,0.0,5472.178,219.2727
3249,POPLATEK MESICNE,68124,1997-08-27,12,5677.0,A,None,OWNER,162,1998-12-31,0.0,29.0,0.0,73.0,34.0,0.0,3703.5,0.0,1838.2407,1533.6914
3273,POPLATEK MESICNE,94512,1997-09-21,12,7876.0,B,None,OWNER,260,1998-12-31,0.0,2.0,36.0,141.0,9.0,0.0,17.6923,7464.1615,7268.9962,272.6308
3293,POPLATEK MESICNE,276084,1998-11-27,36,7669.0,C,classic,OWNER,155,1998-12-31,2.0,2.0,17.0,65.0,52.0,42.5806,25.1613,5491.7548,4711.7806,370.5742
3329,POPLATEK MESICNE,19248,1997-12-08,12,1604.0,A,None,OWNER,328,1998-12-31,0.0,64.0,0.0,144.0,68.0,0.0,3369.3841,0.0,1807.1646,1358.0854
3353,POPLATEK MESICNE,146064,1997-02-09,24,6086.0,C,None,OWNER,230,1998-12-31,0.0,45.0,0.0,66.0,91.0,0.0,4361.5696,0.0,2513.5,1690.9391
3354,POPLATEK MESICNE,4980,1994-07-05,12,415.0,A,None,OWNER,533,1998-12-31,0.0,75.0,0.0,213.0,183.0,0.0,1379.6623,0.0,821.4916,513.3152
3390,POPLATEK TYDNE,40632,1998-03-11,12,3386.0,C,None,OWNER,212,1998-12-31,0.0,2.0,24.0,72.0,90.0,0.0,15.0943,2491.2264,1793.717,491.6981
3403,POPLATEK MESICNE,71820,1998-06-27,36,1995.0,C,None,OWNER,127,1998-12-31,0.0,34.0,0.0,68.0,6.0,0.0,5918.3071,0.0,5006.6063,94.252
3418,POPLATEK PO OBRATU,207264,1997-06-10,48,4318.0,C,None,OWNER,372,1998-12-31,0.0,92.0,0.0,190.0,38.0,0.0,6070.2419,0.0,5508.6183,441.086
3448,POPLATEK TYDNE,68664,1997-10-20,24,2861.0,C,None,OWNER,290,1998-12-31,0.0,56.0,0.0,144.0,28.0,0.0,4561.3586,0.0,4155.2552,276.2345
3455,POPLATEK MESICNE,67464,1997-03-07,12,5622.0,A,None,OWNER,190,1998-12-31,0.0,2.0,33.0,110.0,12.0,0.0,5.2632,6391.8789,5551.9737,355.1368
3460,POPLATEK MESICNE,140688,1998-05-29,48,2931.0,C,None,OWNER,228,1998-12-12,0.0,54.0,0.0,122.0,14.0,0.0,4558.6667,0.0,4320.7982,179.9737
3489,POPLATEK MESICNE,44088,1995-08-01,24,1837.0,A,None,OWNER,300,1998-12-31,0.0,51.0,0.0,133.0,68.0,0.0,2826.8667,0.0,2058.4833,641.6667
3556,POPLATEK MESICNE,174840,1998-09-22,60,2914.0,C,None,OWNER,113,1998-12-31,0.0,6.0,16.0,48.0,27.0,0.0,167.2566,2707.531,2062.0088,632.1239
3562,POPLATEK MESICNE,174960,1998-05-24,24,7290.0,C,None,OWNER,200,1998-12-31,0.0,53.0,0.0,111.0,7.0,0.0,6441.525,0.0,5954.37,255.185
3608,POPLATEK TYDNE,161496,1996-05-24,36,4486.0,C,None,OWNER,352,1998-12-31,0.0,73.0,0.0,146.0,81.0,0.0,3729.3324,0.0,2804.679,838.8239
3629,POPLATEK MESICNE,158760,1995-05-30,60,2646.0,C,None,OWNER,530,1998-12-31,0.0,23.0,65.0,154.0,223.0,0.0,74.5283,2111.4189,687.1585,1460.4113
3637,POPLATEK MESICNE,14028,1997-09-01,12,1169.0,A,None,OWNER,280,1998-12-31,0.0,42.0,0.0,120.0,80.0,0.0,2401.0857,0.0,1496.3393,668.9
3664,POPLATEK MESICNE,271584,1997-09-20,48,5658.0,C,classic,OWNER,198,1998-12-31,3.0,48.0,0.0,100.0,15.0,41.9192,6348.4697,0.0,5550.9596,428.6364
3674,POPLATEK MESICNE,23628,1994-09-10,12,1969.0,A,None,OWNER,570,1998-12-31,0.0,146.0,0.0,278.0,76.0,0.0,6135.2526,0.0,4903.1123,1108.4561
3678,POPLATEK MESICNE,316140,1995-02-05,60,5269.0,D,None,OWNER,414,1998-12-31,0.0,103.0,0.0,215.0,41.0,0.0,1919.5193,0.0,1418.4444,521.8092
3679,POPLATEK MESICNE,444864,1996-07-23,48,9268.0,C,None,OWNER,598,1998-12-31,0.0,140.0,0.0,180.0,198.0,0.0,2831.0602,0.0,749.0468,1954.4047
3711,POPLATEK MESICNE,460980,1997-11-05,60,7683.0,D,None,OWNER,101,1998-12-31,0.0,18.0,0.0,58.0,9.0,0.0,3775.8317,0.0,3129.495,684.6238
3747,POPLATEK MESICNE,76380,1995-01-02,12,6365.0,A,None,OWNER,421,1998-12-31,0.0,86.0,0.0,111.0,168.0,0.0,1533.7625,0.0,614.7387,887.4394
3752,POPLATEK MESICNE,18564,1995-04-02,12,1547.0,A,None,OWNER,320,1998-12-31,0.0,51.0,0.0,163.0,57.0,0.0,2859.05,0.0,2101.8125,510.5438
3754,POPLATEK TYDNE,68544,1996-11-03,24,2856.0,A,None,OWNER,624,1998-12-31,0.0,8.0,68.0,194.0,286.0,0.0,22.1154,3505.641,2422.4519,877.4295
3804,POPLATEK MESICNE,63252,1996-02-08,12,5271.0,A,None,OWNER,450,1998-12-31,0.0,5.0,57.0,213.0,118.0,0.0,19.7778,4357.0844,3570.1911,741.3444
3834,POPLATEK MESICNE,23052,1994-09-28,12,1921.0,A,None,OWNER,1330,1998-12-31,0.0,174.0,0.0,460.0,554.0,0.0,1678.7504,0.0,919.9248,723.8406
3859,POPLATEK MESICNE,307200,1997-05-02,60,5120.0,D,None,OWNER,173,1998-12-31,0.0,37.0,0.0,94.0,10.0,0.0,5234.8555,0.0,4840.8382,295.9538
3862,POPLATEK MESICNE,74916,1998-09-18,36,2081.0,C,None,OWNER,206,1998-12-31,0.0,50.0,0.0,89.0,43.0,0.0,6417.5194,0.0,5038.665,1130.5
3875,POPLATEK MESICNE,153936,1998-02-10,24,6414.0,C,None,OWNER,73,1998-12-31,0.0,1.0,14.0,34.0,10.0,0.0,15.0685,8170.8356,6553.4932,878.6301
3906,POPLATEK MESICNE,334620,1998-03-08,60,5577.0,C,None,OWNER,188,1998-12-31,0.0,4.0,36.0,92.0,20.0,0.0,104.2553,6942.0,5518.9255,593.2979
3907,POPLATEK MESICNE,133848,1998-03-16,24,5577.0,C,None,OWNER,173,1998-12-31,0.0,40.0,0.0,92.0,9.0,0.0,5488.711,0.0,4964.6185,290.1329
3916,POPLATEK MESICNE,96984,1998-07-12,36,2694.0,C,None,OWNER,94,1998-12-31,0.0,3.0,15.0,22.0,39.0,0.0,78.7234,2836.9468,893.0851,1874.383
3942,POPLATEK TYDNE,107352,1997-10-14,36,2982.0,C,None,OWNER,199,1998-12-31,0.0,54.0,0.0,78.0,35.0,0.0,6244.0553,0.0,4373.804,1626.8844
3953,POPLATEK MESICNE,63576,1998-01-04,12,5298.0,C,None,OWNER,127,1998-12-31,0.0,4.0,18.0,60.0,9.0,0.0,314.1732,4880.5276,4330.6614,375.4488
3967,POPLATEK MESICNE,84600,1997-03-29,36,2350.0,D,None,OWNER,189,1998-12-31,0.0,56.0,0.0,86.0,20.0,0.0,6536.4921,0.0,5864.1058,248.6772
4033,POPLATEK MESICNE,84288,1997-03-20,48,1756.0,C,None,OWNER,167,1998-12-31,0.0,29.0,0.0,51.0,62.0,0.0,2037.3653,0.0,1074.9701,752.8383
4052,POPLATEK TYDNE,106128,1997-12-28,36,2948.0,C,None,OWNER,137,1998-12-31,0.0,9.0,23.0,70.0,12.0,0.0,379.562,3463.7007,3343.1022,258.219
4079,POPLATEK MESICNE,158976,1995-04-05,48,3312.0,C,None,OWNER,584,1998-12-31,0.0,120.0,0.0,181.0,222.0,0.0,4236.9555,0.0,3391.2277,815.7055
4081,POPLATEK MESICNE,137904,1995-11-28,24,5746.0,B,None,OWNER,215,1998-12-31,0.0,46.0,0.0,111.0,17.0,0.0,2513.8186,0.0,2036.5116,454.3349
4099,POPLATEK MESICNE,41856,1997-07-31,48,872.0,C,classic,OWNER,255,1998-12-31,2.0,32.0,0.0,92.0,98.0,10.5882,2422.3373,0.0,1785.8431,442.1686
4116,POPLATEK MESICNE,151200,1998-06-03,36,4200.0,C,None,OWNER,94,1998-12-31,0.0,27.0,0.0,36.0,16.0,0.0,7907.266,0.0,5250.383,1696.0851
4127,POPLATEK MESICNE,100800,1997-08-15,24,4200.0,D,None,OWNER,142,1998-12-31,0.0,16.0,0.0,51.0,54.0,0.0,2021.338,0.0,1347.9648,681.0915
4144,POPLATEK MESICNE,212976,1998-06-21,36,5916.0,C,None,OWNER,370,1998-12-31,0.0,96.0,0.0,160.0,60.0,0.0,5530.2486,0.0,4050.4432,1327.3946
4190,POPLATEK MESICNE,405780,1997-08-28,60,6763.0,C,None,OWNER,316,1998-12-31,0.0,67.0,0.0,90.0,120.0,0.0,1782.3259,0.0,808.9557,919.212
4259,POPLATEK MESICNE,79632,1994-08-27,24,3318.0,A,None,OWNER,458,1998-12-31,0.0,1.0,57.0,214.0,129.0,0.0,1.9651,5971.2227,4341.655,1531.0917
4260,POPLATEK MESICNE,244560,1994-06-29,60,4076.0,C,None,OWNER,365,1998-12-31,0.0,3.0,62.0,126.0,112.0,0.0,8.4932,4522.1452,1896.2466,2510.8274
4268,POPLATEK MESICNE,41988,1998-11-04,12,3499.0,C,None,OWNER,282,1998-12-31,0.0,78.0,0.0,122.0,38.0,0.0,2424.5248,0.0,1159.6809,850.922
4293,POPLATEK PO OBRATU,164196,1997-05-22,36,4561.0,C,None,OWNER,208,1998-12-31,0.0,61.0,0.0,79.0,41.0,0.0,6585.7404,0.0,5442.8942,924.0048
4320,POPLATEK MESICNE,51360,1997-08-09,12,4280.0,B,None,OWNER,196,1998-12-31,0.0,54.0,0.0,101.0,11.0,0.0,7419.051,0.0,6998.852,240.2041
4337,POPLATEK MESICNE,51408,1994-12-08,24,2142.0,A,classic,OWNER,407,1998-12-31,1.0,104.0,0.0,217.0,24.0,9.0909,6263.8182,0.0,6034.1843,126.3096
4342,POPLATEK MESICNE,100128,1997-12-09,24,4172.0,C,classic,OWNER,245,1998-12-31,1.0,60.0,0.0,110.0,42.0,2.449,5302.5837,0.0,4134.6653,947.5551
4354,POPLATEK MESICNE,327660,1998-10-30,60,5461.0,C,classic,OWNER,143,1998-12-31,0.0,33.0,0.0,66.0,21.0,0.0,5861.5594,0.0,3746.4406,1771.2308
4361,POPLATEK MESICNE,90156,1997-03-29,12,7513.0,A,gold,OWNER,416,1998-12-31,12.0,12.0,68.0,232.0,24.0,132.2115,180.7692,8018.3269,7193.5048,433.4423
4413,POPLATEK TYDNE,221280,1995-02-08,48,4610.0,C,None,OWNER,774,1998-12-31,0.0,2.0,118.0,334.0,202.0,0.0,2.8424,5532.1137,3849.1602,1648.522
4414,POPLATEK MESICNE,97224,1995-02-23,24,4051.0,A,None,OWNER,956,1998-12-31,0.0,216.0,0.0,330.0,284.0,0.0,1892.0565,0.0,748.0962,1095.1862
4415,POPLATEK MESICNE,74040,1997-04-01,12,6170.0,A,None,OWNER,397,1998-12-31,0.0,49.0,0.0,142.0,164.0,0.0,2820.7607,0.0,1725.2267,998.4736
4423,POPLATEK MESICNE,73836,1995-10-31,36,2051.0,A,classic,OWNER,335,1998-12-31,2.0,68.0,0.0,109.0,112.0,13.4328,4129.0687,0.0,3111.7284,820.6925
4427,POPLATEK MESICNE,87816,1994-09-26,12,7318.0,A,None,OWNER,744,1998-12-31,0.0,200.0,0.0,264.0,148.0,0.0,2180.8226,0.0,1084.8253,1070.2312
4447,POPLATEK MESICNE,192744,1996-10-31,36,5354.0,C,None,OWNER,374,1998-12-31,0.0,78.0,0.0,182.0,52.0,0.0,5379.3957,0.0,4293.6845,744.4064
4448,POPLATEK MESICNE,192744,1994-10-03,36,5354.0,A,classic,OWNER,862,1998-12-31,12.0,222.0,0.0,426.0,72.0,28.0742,5490.8353,0.0,4875.7912,447.2019
4456,POPLATEK MESICNE,321240,1998-02-09,60,5354.0,C,classic,OWNER,192,1998-12-31,1.0,49.0,0.0,103.0,11.0,17.1875,5853.099,0.0,5278.5208,306.7396
4462,POPLATEK TYDNE,66480,1996-05-14,24,2770.0,B,None,OWNER,199,1998-12-31,0.0,49.0,0.0,99.0,16.0,0.0,4916.5176,0.0,4593.9899,222.7136
4467,POPLATEK TYDNE,86184,1998-08-03,36,2394.0,C,None,OWNER,113,1998-12-31,0.0,2.0,21.0,48.0,21.0,0.0,55.7522,2924.2389,1976.4071,751.0708
4473,POPLATEK MESICNE,93960,1997-01-03,60,1566.0,C,None,OWNER,283,1998-12-31,0.0,40.0,0.0,114.0,91.0,0.0,3586.364,0.0,2202.7385,1200.9117
4476,POPLATEK MESICNE,15192,1996-09-25,24,633.0,A,None,OWNER,406,1998-12-31,0.0,54.0,0.0,144.0,159.0,0.0,1913.5394,0.0,1028.6207,836.5567
4503,POPLATEK MESICNE,135360,1996-01-01,48,2820.0,C,junior,OWNER,293,1998-12-31,5.0,73.0,0.0,132.0,36.0,49.1468,6735.4949,0.0,6119.6724,346.4846
4533,POPLATEK MESICNE,81144,1998-05-05,36,2254.0,C,classic,OWNER,119,1998-12-31,1.0,37.0,0.0,47.0,19.0,20.1681,7989.5966,0.0,6137.4454,1120.1765
4550,POPLATEK MESICNE,61320,1998-01-03,60,1022.0,C,None,OWNER,176,1998-12-31,0.0,28.0,0.0,56.0,69.0,0.0,1279.8295,0.0,728.9205,409.0909
4576,POPLATEK MESICNE,300204,1994-06-04,36,8339.0,A,None,OWNER,415,1998-12-31,0.0,74.0,0.0,238.0,36.0,0.0,3358.6265,0.0,2528.7952,723.3831
4580,POPLATEK MESICNE,20220,1995-08-05,12,1685.0,A,classic,OWNER,366,1998-12-31,4.0,90.0,0.0,164.0,58.0,31.9672,5401.1557,0.0,4127.0464,1151.5792
4585,POPLATEK MESICNE,64656,1996-10-10,48,1347.0,C,classic,OWNER,388,1998-12-31,4.0,68.0,0.0,152.0,104.0,29.8969,2353.067,0.0,1354.0979,725.3196
4616,POPLATEK MESICNE,66696,1998-01-12,24,2779.0,C,classic,OWNER,124,1998-12-31,2.0,36.0,0.0,47.0,24.0,36.2903,7237.4435,0.0,5267.1452,1455.3871
4618,POPLATEK MESICNE,66696,1997-03-17,24,2779.0,D,None,OWNER,149,1998-12-31,0.0,28.0,0.0,81.0,15.0,0.0,4646.7718,0.0,4423.0268,279.7651
4626,POPLATEK MESICNE,33348,1997-06-18,12,2779.0,A,None,OWNER,167,1998-12-31,0.0,42.0,0.0,83.0,12.0,0.0,6364.2934,0.0,5838.521,199.6886
4631,POPLATEK PO OBRATU,87528,1997-12-13,24,3647.0,C,classic,OWNER,266,1998-12-31,4.0,8.0,48.0,134.0,24.0,40.6015,127.0677,4277.6842,3498.0977,329.0526
4650,POPLATEK MESICNE,402000,1996-08-25,60,6700.0,C,None,OWNER,269,1998-12-31,0.0,76.0,0.0,60.0,95.0,0.0,1611.2751,0.0,346.0037,1122.803
4660,POPLATEK MESICNE,106944,1997-05-28,24,4456.0,C,None,OWNER,188,1998-12-31,0.0,2.0,24.0,60.0,78.0,0.0,11.7021,4353.617,3430.0691,770.4734
4681,POPLATEK MESICNE,162624,1997-03-15,48,3388.0,C,None,OWNER,294,1998-12-31,0.0,6.0,41.0,112.0,94.0,0.0,56.1224,3076.8571,1543.8197,1426.1224
4715,POPLATEK MESICNE,97176,1997-03-14,24,4049.0,C,classic,OWNER,153,1998-12-31,5.0,1.0,26.0,74.0,21.0,84.3137,2.6144,8542.3464,7723.5686,555.7451
4725,POPLATEK MESICNE,168264,1997-11-04,36,4674.0,C,None,OWNER,111,1998-12-31,0.0,1.0,20.0,40.0,30.0,0.0,6.3063,5558.4865,2748.8739,2529.982
4727,POPLATEK MESICNE,107640,1995-08-11,24,4485.0,A,None,OWNER,353,1998-12-31,0.0,7.0,46.0,146.0,108.0,0.0,120.9632,5062.6062,4050.5694,952.3003
4746,POPLATEK MESICNE,204780,1997-09-07,60,3413.0,C,classic,OWNER,153,1998-12-31,4.0,41.0,0.0,70.0,16.0,68.6275,8004.5229,0.0,7217.098,356.915
4774,POPLATEK MESICNE,465072,1995-07-09,48,9689.0,C,None,OWNER,784,1998-12-31,0.0,138.0,0.0,444.0,84.0,0.0,3880.8367,0.0,2659.9745,1038.1071
4784,POPLATEK MESICNE,219456,1997-11-24,48,4572.0,C,None,OWNER,168,1998-12-31,0.0,2.0,34.0,72.0,26.0,0.0,4.7619,6484.9286,4931.2381,707.5714
4794,POPLATEK MESICNE,465504,1997-12-27,48,9698.0,D,None,OWNER,197,1998-12-31,0.0,32.0,0.0,50.0,91.0,0.0,2252.9949,0.0,944.868,1285.3706
4803,POPLATEK MESICNE,59136,1997-02-25,48,1232.0,C,None,OWNER,175,1998-12-31,0.0,48.0,0.0,74.0,22.0,0.0,1156.8286,0.0,816.5143,154.88
4825,POPLATEK MESICNE,21396,1995-08-18,12,1783.0,A,None,OWNER,602,1998-12-31,0.0,20.0,110.0,338.0,24.0,0.0,124.9169,2132.6744,2136.3787,71.0831
4851,POPLATEK MESICNE,141648,1996-08-22,24,5902.0,A,None,OWNER,464,1998-12-31,0.0,120.0,0.0,172.0,104.0,0.0,6265.7155,0.0,4740.2284,1127.7069
4852,POPLATEK MESICNE,213300,1996-03-04,36,5925.0,C,None,OWNER,275,1998-12-31,0.0,81.0,0.0,77.0,73.0,0.0,1856.5964,0.0,377.3273,1412.4218
4858,POPLATEK MESICNE,335184,1998-07-27,48,6983.0,D,None,OWNER,134,1998-12-31,0.0,1.0,18.0,75.0,4.0,0.0,4.4776,6097.3881,5680.3955,208.4478
4863,POPLATEK MESICNE,76080,1997-03-18,12,6340.0,A,junior,OWNER,261,1998-12-31,10.0,3.0,33.0,112.0,70.0,101.9157,33.3333,5247.1724,3647.0881,1328.8276
4894,POPLATEK MESICNE,117024,1993-11-04,24,4876.0,A,classic,OWNER,410,1998-12-31,14.0,8.0,66.0,232.0,24.0,86.5854,123.6585,5101.7732,4696.4293,285.4244
4907,POPLATEK MESICNE,98832,1996-01-03,48,2059.0,C,None,OWNER,464,1998-12-31,0.0,63.0,0.0,143.0,199.0,0.0,2162.6056,0.0,1227.9957,802.3987
4937,POPLATEK MESICNE,143904,1994-07-23,24,5996.0,A,None,OWNER,560,1998-12-31,0.0,106.0,0.0,222.0,161.0,0.0,4656.6821,0.0,3882.8911,681.8214
4948,POPLATEK MESICNE,359760,1996-11-15,60,5996.0,C,None,OWNER,237,1998-12-31,0.0,54.0,0.0,95.0,54.0,0.0,4541.3671,0.0,3093.4599,1208.8186
4949,POPLATEK MESICNE,289920,1997-08-30,48,6040.0,C,gold,OWNER,154,1998-12-31,1.0,3.0,26.0,82.0,16.0,33.1169,179.8701,6706.5519,5850.4416,627.5325
4969,POPLATEK TYDNE,150180,1997-03-06,60,2503.0,C,None,OWNER,210,1998-12-31,0.0,51.0,0.0,69.0,65.0,0.0,6876.2762,0.0,5235.1714,1184.6714
4981,POPLATEK MESICNE,179328,1996-11-28,48,3736.0,C,None,OWNER,227,1998-12-31,0.0,37.0,0.0,99.0,56.0,0.0,3920.1013,0.0,2786.2115,1084.7137
4994,POPLATEK TYDNE,258444,1996-08-03,36,7179.0,C,None,OWNER,206,1998-12-31,0.0,52.0,0.0,92.0,28.0,0.0,5140.3204,0.0,4042.6748,975.7864
4995,POPLATEK TYDNE,128988,1996-02-03,36,3583.0,D,None,OWNER,308,1998-12-31,0.0,71.0,0.0,151.0,33.0,0.0,5067.3799,0.0,4574.3279,383.8929
4999,POPLATEK MESICNE,165168,1997-05-18,36,4588.0,C,classic,OWNER,506,1998-12-31,2.0,28.0,68.0,182.0,158.0,15.415,403.5573,4026.2609,2223.2609,1928.2253
5001,POPLATEK MESICNE,110112,1996-11-09,24,4588.0,A,None,OWNER,254,1998-12-31,0.0,60.0,0.0,102.0,56.0,0.0,6108.8583,0.0,4467.2795,1604.252
5033,POPLATEK MESICNE,11400,1996-07-25,12,950.0,A,None,OWNER,321,1998-12-31,0.0,56.0,0.0,102.0,122.0,0.0,1076.4548,0.0,380.1869,582.9782
5066,POPLATEK TYDNE,61656,1996-02-10,24,2569.0,B,None,OWNER,333,1998-12-31,0.0,47.0,0.0,97.0,151.0,0.0,3656.3544,0.0,2687.6126,808.1021
5072,POPLATEK MESICNE,317520,1997-02-09,60,5292.0,C,None,OWNER,299,1998-12-31,0.0,35.0,0.0,95.0,136.0,0.0,2914.4515,0.0,1428.2943,1325.8896
5118,POPLATEK MESICNE,53232,1997-05-04,48,1109.0,C,None,OWNER,305,1998-12-31,0.0,50.0,0.0,121.0,93.0,0.0,1333.1279,0.0,747.2131,500.823
5120,POPLATEK MESICNE,323472,1994-08-10,48,6739.0,A,classic,OWNER,453,1998-12-31,1.0,108.0,0.0,176.0,106.0,2.8698,4980.3311,0.0,3759.4547,1099.1965
5126,POPLATEK MESICNE,20352,1996-01-11,48,424.0,C,None,OWNER,584,1998-12-31,0.0,112.0,0.0,230.0,152.0,0.0,1485.7329,0.0,800.5479,628.7123
5133,POPLATEK TYDNE,57060,1998-01-27,12,4755.0,C,classic,OWNER,196,1998-12-31,0.0,38.0,0.0,68.0,65.0,0.0,5011.1327,0.0,3931.7092,690.3214
5164,POPLATEK MESICNE,22356,1998-03-23,36,621.0,C,None,OWNER,104,1998-12-31,0.0,23.0,0.0,36.0,25.0,0.0,1456.0,0.0,589.6635,709.2788
5180,POPLATEK MESICNE,58764,1998-07-16,12,4897.0,C,classic,OWNER,148,1998-12-31,0.0,38.0,0.0,64.0,10.0,0.0,6170.7432,0.0,5419.9189,330.8784
5181,POPLATEK MESICNE,399120,1997-04-28,60,6652.0,C,None,OWNER,154,1998-12-31,0.0,37.0,0.0,65.0,20.0,0.0,3362.7338,0.0,2375.987,864.026
5196,POPLATEK TYDNE,79824,1997-12-28,12,6652.0,A,classic,OWNER,130,1998-12-31,0.0,33.0,0.0,52.0,27.0,0.0,6563.7231,0.0,4937.1538,1526.2385
5213,POPLATEK MESICNE,320976,1996-04-25,48,6687.0,D,classic,OWNER,301,1998-12-31,1.0,3.0,40.0,148.0,29.0,8.9701,49.1694,6751.0266,5898.6578,644.2625
5215,POPLATEK MESICNE,14628,1994-08-04,12,1219.0,A,classic,OWNER,637,1998-12-31,1.0,75.0,0.0,238.0,257.0,6.2794,1782.4584,0.0,1034.529,652.4286
5228,POPLATEK PO OBRATU,173808,1994-07-11,24,7242.0,A,None,OWNER,908,1998-12-31,0.0,4.0,132.0,592.0,48.0,0.0,16.9604,7824.2225,7415.859,382.837
5256,POPLATEK PO OBRATU,193968,1994-05-10,36,5388.0,A,None,OWNER,408,1998-12-31,0.0,85.0,0.0,167.0,36.0,0.0,4469.0637,0.0,3931.8039,475.5
5263,POPLATEK MESICNE,276300,1996-11-12,60,4605.0,C,None,OWNER,273,1998-12-31,0.0,80.0,0.0,90.0,62.0,0.0,1873.1355,0.0,692.5275,959.4505
5267,POPLATEK MESICNE,129312,1997-11-26,24,5388.0,D,None,OWNER,233,1998-12-31,0.0,55.0,0.0,130.0,12.0,0.0,6227.721,0.0,5778.3476,277.5451
5269,POPLATEK MESICNE,117420,1997-02-02,60,1957.0,C,None,OWNER,213,1998-12-31,0.0,33.0,0.0,77.0,73.0,0.0,3156.784,0.0,1740.8216,1156.507
5270,POPLATEK MESICNE,79608,1993-11-22,24,3317.0,A,None,OWNER,462,1998-12-31,0.0,5.0,72.0,289.0,24.0,0.0,11.6883,7555.039,7232.6299,172.3117
5283,POPLATEK MESICNE,170832,1998-09-09,48,3559.0,C,None,OWNER,93,1998-12-31,0.0,2.0,15.0,46.0,15.0,0.0,18.2796,8023.2581,6166.6667,1294.3548
5305,POPLATEK MESICNE,240528,1998-03-31,48,5011.0,C,None,OWNER,149,1998-12-31,0.0,3.0,27.0,83.0,9.0,0.0,64.4295,5952.8456,5370.0671,302.6779
5313,POPLATEK MESICNE,300660,1994-02-27,60,5011.0,C,None,OWNER,601,1998-12-31,0.0,113.0,0.0,173.0,247.0,0.0,4122.3794,0.0,2791.8286,1313.3877
5317,POPLATEK MESICNE,90180,1997-03-07,36,2505.0,C,None,OWNER,152,1998-12-31,0.0,3.0,26.0,53.0,44.0,0.0,39.4737,2817.9539,1755.3618,989.4211
5358,POPLATEK MESICNE,68340,1997-01-24,60,1139.0,C,None,OWNER,267,1998-12-31,0.0,45.0,0.0,118.0,61.0,0.0,4293.7341,0.0,2666.3296,1406.1985
5362,POPLATEK TYDNE,202848,1997-08-21,48,4226.0,C,None,OWNER,384,1998-12-31,0.0,12.0,56.0,134.0,126.0,0.0,103.125,4028.224,1899.5885,2107.5729
5385,POPLATEK TYDNE,149340,1994-04-07,60,2489.0,C,None,OWNER,427,1998-12-31,0.0,20.0,67.0,153.0,120.0,0.0,216.3934,2553.4614,1081.7002,1623.829
5395,POPLATEK MESICNE,158184,1997-09-05,36,4394.0,C,None,OWNER,196,1998-12-31,0.0,43.0,0.0,104.0,16.0,0.0,4603.3469,0.0,4083.5969,358.6939
5422,POPLATEK MESICNE,368880,1996-06-03,60,6148.0,C,None,OWNER,960,1998-12-31,0.0,178.0,0.0,336.0,344.0,0.0,4899.8438,0.0,3997.375,846.2021
5428,POPLATEK MESICNE,174744,1993-09-24,24,7281.0,B,None,OWNER,458,1998-12-31,0.0,98.0,0.0,273.0,18.0,0.0,5169.7402,0.0,4700.2817,286.1528
5442,POPLATEK MESICNE,174744,1994-06-17,24,7281.0,B,junior,OWNER,530,1998-12-31,1.0,91.0,0.0,168.0,201.0,3.3962,4157.8868,0.0,2586.1264,1425.0302
5445,POPLATEK MESICNE,78696,1997-10-01,36,2186.0,C,None,OWNER,193,1998-12-31,0.0,8.0,22.0,54.0,87.0,0.0,101.5544,1631.0052,1126.9637,506.3005
5477,POPLATEK MESICNE,349392,1997-10-04,48,7279.0,C,classic,OWNER,283,1998-12-31,4.0,74.0,0.0,122.0,46.0,40.2827,6624.6219,0.0,5201.8021,1080.5194
5481,POPLATEK MESICNE,209184,1994-09-11,48,4358.0,A,None,OWNER,403,1998-12-31,0.0,4.0,64.0,223.0,48.0,0.0,14.3921,6282.5931,5575.7767,519.067
5541,POPLATEK MESICNE,32640,1996-07-18,48,680.0,C,None,OWNER,343,1998-12-31,0.0,74.0,0.0,115.0,109.0,0.0,1361.2332,0.0,694.1691,496.2099
5572,POPLATEK MESICNE,140880,1998-04-19,60,2348.0,C,None,OWNER,94,1998-12-31,0.0,19.0,0.0,38.0,20.0,0.0,4928.9149,0.0,2788.9574,1644.1702
5574,POPLATEK TYDNE,44628,1996-04-10,12,3719.0,A,None,OWNER,382,1998-12-31,0.0,2.0,53.0,213.0,61.0,0.0,6.2827,7181.4791,5430.8874,1640.445
5591,POPLATEK MESICNE,221880,1997-01-21,60,3698.0,C,None,OWNER,598,1998-12-31,0.0,4.0,66.0,184.0,278.0,0.0,7.3579,2671.3344,1858.7893,628.0
5593,POPLATEK MESICNE,44376,1996-08-09,12,3698.0,A,classic,OWNER,291,1998-12-31,11.0,74.0,0.0,128.0,44.0,77.3196,6315.5704,0.0,5233.2955,817.677
5602,POPLATEK PO OBRATU,177504,1997-12-28,48,3698.0,C,classic,OWNER,181,1998-12-31,1.0,47.0,0.0,91.0,12.0,20.442,5741.3812,0.0,5122.5801,245.1713
5622,POPLATEK MESICNE,83016,1994-11-02,12,6918.0,A,junior,OWNER,565,1998-12-31,1.0,108.0,0.0,237.0,148.0,3.7168,4669.0195,0.0,3597.708,977.3735
5628,POPLATEK MESICNE,225420,1995-04-25,60,3757.0,C,None,OWNER,313,1998-12-31,0.0,61.0,0.0,154.0,44.0,0.0,2668.2204,0.0,2035.5751,528.1406
5632,POPLATEK TYDNE,285600,1995-07-25,60,4760.0,C,None,OWNER,652,1998-12-31,0.0,174.0,0.0,298.0,82.0,0.0,6954.4448,0.0,6239.6718,598.6503
5650,POPLATEK PO OBRATU,98592,1995-07-10,24,4108.0,A,None,OWNER,327,1998-12-31,0.0,13.0,48.0,151.0,67.0,0.0,125.6881,3919.8777,2256.2844,1686.1835
5698,POPLATEK MESICNE,99216,1998-11-21,36,2756.0,C,None,OWNER,198,1998-12-31,0.0,54.0,0.0,90.0,22.0,0.0,6499.4747,0.0,5216.5152,1050.0606
5700,POPLATEK MESICNE,103680,1995-03-16,60,1728.0,D,None,OWNER,355,1998-12-12,0.0,76.0,0.0,187.0,36.0,0.0,2022.1493,0.0,1876.6085,175.2338
5724,POPLATEK PO OBRATU,232560,1997-01-08,48,4845.0,C,None,OWNER,417,1998-12-31,0.0,4.0,44.0,145.0,180.0,0.0,37.4101,3346.1871,2528.3525,723.4676
5735,POPLATEK MESICNE,290700,1996-02-21,60,4845.0,D,None,OWNER,315,1998-12-31,0.0,77.0,0.0,159.0,31.0,0.0,5217.8286,0.0,4488.6889,476.8095
5742,POPLATEK PO OBRATU,232560,1995-12-16,48,4845.0,C,None,OWNER,243,1998-12-31,0.0,61.0,0.0,104.0,36.0,0.0,5080.4979,0.0,4287.8025,717.7778
5774,POPLATEK MESICNE,31176,1995-11-28,24,1299.0,A,None,OWNER,303,1998-12-31,0.0,44.0,0.0,116.0,100.0,0.0,3044.4356,0.0,1716.0066,1175.9208
5794,POPLATEK MESICNE,123600,1996-05-06,60,2060.0,C,None,OWNER,458,1998-12-31,0.0,98.0,0.0,212.0,64.0,0.0,4336.5677,0.0,3781.9476,287.8603
5837,POPLATEK MESICNE,177804,1997-09-14,36,4939.0,C,None,OWNER,173,1998-12-31,0.0,42.0,0.0,87.0,15.0,0.0,5267.9017,0.0,4684.763,428.237
5891,POPLATEK MESICNE,65184,1994-04-18,12,5432.0,A,gold,OWNER,464,1998-12-31,18.0,12.0,71.0,280.0,12.0,136.8534,195.9052,5408.9181,5140.7069,140.4828
5912,POPLATEK MESICNE,184620,1998-06-23,60,3077.0,C,None,OWNER,153,1998-12-31,0.0,5.0,26.0,69.0,27.0,0.0,101.9608,3438.8301,1865.3725,1472.0784
5927,POPLATEK MESICNE,87216,1994-06-06,48,1817.0,B,None,OWNER,502,1998-12-31,0.0,42.0,61.0,236.0,43.0,0.0,480.4781,1444.4542,1726.5299,155.6394
5944,POPLATEK MESICNE,78720,1998-06-18,48,1640.0,C,classic,OWNER,112,1998-12-31,1.0,20.0,0.0,52.0,20.0,25.0,4023.4732,0.0,2803.6607,673.4821
5952,POPLATEK MESICNE,141240,1994-09-30,24,5885.0,A,classic,OWNER,628,1998-12-31,10.0,6.0,64.0,222.0,262.0,42.1975,14.8089,3907.9363,2649.3885,1142.7357
5991,POPLATEK MESICNE,61056,1994-11-03,48,1272.0,A,None,OWNER,459,1998-12-31,0.0,65.0,0.0,173.0,160.0,0.0,2383.4248,0.0,1441.3072,891.0327
6030,POPLATEK MESICNE,28248,1995-03-04,24,1177.0,A,gold,OWNER,353,1998-12-31,14.0,68.0,0.0,183.0,24.0,143.9093,4007.8669,0.0,3613.102,80.0227
6034,POPLATEK TYDNE,464520,1993-12-01,60,7742.0,B,None,OWNER,441,1998-12-31,0.0,105.0,0.0,219.0,48.0,0.0,5117.9229,0.0,4151.4762,842.6667
6040,POPLATEK MESICNE,11736,1994-10-02,24,489.0,A,None,OWNER,580,1998-12-31,0.0,70.0,0.0,227.0,215.0,0.0,2821.7517,0.0,1790.5948,1007.8603
6051,POPLATEK MESICNE,276660,1994-07-08,36,7685.0,B,None,OWNER,391,1998-12-31,0.0,121.0,0.0,171.0,35.0,0.0,1812.2532,0.0,1106.6854,687.9156
6061,POPLATEK MESICNE,5148,1998-05-28,12,429.0,C,None,OWNER,126,1998-12-31,0.0,23.0,0.0,59.0,23.0,0.0,3920.5794,0.0,2440.0,1105.8651
6062,POPLATEK MESICNE,321360,1998-04-19,60,5356.0,C,classic,OWNER,202,1998-12-31,0.0,8.0,28.0,106.0,32.0,0.0,184.6535,5643.8465,4178.2871,1472.4752
6075,POPLATEK MESICNE,407952,1998-01-06,48,8499.0,D,None,OWNER,128,1998-12-31,0.0,38.0,0.0,60.0,3.0,0.0,1650.9063,0.0,1323.3594,199.1953
6083,POPLATEK TYDNE,360864,1997-09-28,48,7518.0,D,None,OWNER,220,1998-12-31,0.0,49.0,0.0,114.0,12.0,0.0,5662.1182,0.0,5261.6591,410.0727
6097,POPLATEK MESICNE,26208,1997-10-22,36,728.0,C,None,OWNER,103,1998-12-31,0.0,23.0,0.0,34.0,28.0,0.0,1684.2039,0.0,887.5243,527.7864
6118,POPLATEK TYDNE,270648,1995-01-08,36,7518.0,B,None,OWNER,408,1998-12-31,0.0,74.0,0.0,187.0,33.0,0.0,3722.8358,0.0,3062.1471,608.0735
6138,POPLATEK MESICNE,67608,1997-07-30,24,2817.0,C,None,OWNER,230,1998-12-31,0.0,4.0,46.0,64.0,70.0,0.0,42.6087,3674.7826,1286.8522,2117.6609
6148,POPLATEK MESICNE,59760,1994-11-04,24,2490.0,A,classic,OWNER,832,1998-12-31,50.0,132.0,0.0,372.0,158.0,118.5096,3622.0433,0.0,2077.3678,1181.1178
6157,POPLATEK MESICNE,247920,1997-12-28,48,5165.0,C,classic,OWNER,194,1998-12-31,4.0,53.0,0.0,78.0,34.0,57.2165,6921.0258,0.0,5178.3196,1399.4124
6158,POPLATEK MESICNE,247920,1997-02-08,48,5165.0,D,None,OWNER,111,1998-12-31,0.0,26.0,0.0,47.0,11.0,0.0,4779.0811,0.0,3761.3784,511.8468
6226,POPLATEK TYDNE,398640,1994-12-20,60,6644.0,C,None,OWNER,401,1998-12-31,0.0,12.0,65.0,211.0,48.0,0.0,274.0648,7008.1571,6292.6484,795.2918
6265,POPLATEK MESICNE,87360,1997-06-10,24,3640.0,C,classic,OWNER,198,1998-12-31,4.0,46.0,0.0,80.0,43.0,45.4545,5706.1768,0.0,4282.6111,1230.9899
6273,POPLATEK MESICNE,87360,1994-06-07,24,3640.0,A,classic,OWNER,398,1998-12-31,2.0,90.0,0.0,217.0,24.0,9.5477,4563.9573,0.0,4203.5,219.4975
6289,POPLATEK MESICNE,85632,1996-08-11,48,1784.0,C,None,OWNER,280,1998-12-31,0.0,73.0,0.0,134.0,29.0,0.0,6302.8321,0.0,5896.2679,184.875
6353,POPLATEK MESICNE,79920,1995-02-12,60,1332.0,C,classic,OWNER,462,1998-12-31,5.0,62.0,0.0,175.0,159.0,22.0779,3516.9589,0.0,2445.0649,931.8701
6358,POPLATEK MESICNE,270384,1996-08-06,48,5633.0,C,None,OWNER,282,1998-12-31,0.0,6.0,43.0,122.0,68.0,0.0,58.8652,5632.8475,3198.5355,2387.6631
6363,POPLATEK MESICNE,17508,1994-10-25,12,1459.0,A,gold,OWNER,354,1998-12-31,8.0,69.0,0.0,200.0,12.0,68.9266,2391.6949,0.0,2112.4294,49.4576
6397,POPLATEK MESICNE,181020,1996-09-16,60,3017.0,C,None,OWNER,528,1998-12-31,0.0,14.0,90.0,280.0,54.0,0.0,108.3333,3359.4697,2921.7462,308.5568
6400,POPLATEK PO OBRATU,72408,1996-02-12,24,3017.0,B,None,OWNER,287,1998-12-31,0.0,54.0,0.0,90.0,104.0,0.0,3578.5505,0.0,1889.0488,1665.1463
6425,POPLATEK MESICNE,36684,1994-12-20,12,3057.0,A,None,OWNER,431,1998-12-31,0.0,81.0,0.0,269.0,12.0,0.0,2229.4664,0.0,2098.0974,85.1137
6434,POPLATEK MESICNE,110136,1996-11-11,24,4589.0,A,None,OWNER,244,1998-12-31,0.0,50.0,0.0,101.0,55.0,0.0,5409.3484,0.0,4207.8648,1072.7746
6440,POPLATEK MESICNE,34572,1997-06-17,12,2881.0,A,None,OWNER,145,1998-12-31,0.0,34.0,0.0,74.0,12.0,0.0,5006.1034,0.0,4663.669,238.4276
6453,POPLATEK MESICNE,10944,1998-05-17,36,304.0,C,None,OWNER,226,1998-12-31,0.0,46.0,0.0,69.0,82.0,0.0,803.7168,0.0,411.3274,313.6195
6461,POPLATEK MESICNE,150912,1997-06-15,36,4192.0,C,classic,OWNER,396,1998-12-31,0.0,104.0,0.0,198.0,36.0,0.0,5010.697,0.0,4531.2626,381.1818
6472,POPLATEK MESICNE,43164,1995-02-06,12,3597.0,A,None,OWNER,381,1998-12-31,0.0,3.0,59.0,248.0,12.0,0.0,10.4987,6459.3097,6240.4147,113.2913
6473,POPLATEK MESICNE,76908,1994-05-26,12,6409.0,B,None,OWNER,473,1998-12-31,0.0,106.0,0.0,285.0,10.0,0.0,5792.241,0.0,5620.8393,135.4968
6495,POPLATEK MESICNE,104964,1998-04-28,12,8747.0,C,None,OWNER,177,1998-12-31,0.0,36.0,0.0,79.0,33.0,0.0,3383.9209,0.0,1660.791,1610.8814
6505,POPLATEK MESICNE,38496,1998-10-08,12,3208.0,C,classic,OWNER,49,1998-12-31,0.0,10.0,0.0,20.0,3.0,0.0,4206.4286,0.0,3256.3265,196.4082
6510,POPLATEK MESICNE,76992,1997-05-06,24,3208.0,C,classic,OWNER,164,1998-12-31,0.0,43.0,0.0,76.0,20.0,0.0,5517.5549,0.0,4887.3598,391.2195
6555,POPLATEK TYDNE,212400,1994-03-31,36,5900.0,A,None,OWNER,438,1998-12-31,0.0,105.0,0.0,227.0,36.0,0.0,4876.6849,0.0,4289.0137,484.9315
6592,POPLATEK MESICNE,390660,1997-08-24,60,6511.0,C,junior,OWNER,224,1998-12-31,2.0,61.0,0.0,95.0,40.0,20.0893,7547.1696,0.0,5546.7857,1617.3929
6609,POPLATEK MESICNE,60156,1995-11-12,36,1671.0,B,None,OWNER,281,1998-12-31,0.0,50.0,0.0,97.0,95.0,0.0,4162.0569,0.0,3005.2918,818.4448
6649,POPLATEK MESICNE,100260,1997-05-22,60,1671.0,C,classic,OWNER,186,1998-12-31,8.0,43.0,0.0,80.0,19.0,133.871,5516.4462,0.0,4932.1559,170.6935
6678,POPLATEK MESICNE,294384,1997-07-09,48,6133.0,C,None,OWNER,274,1998-12-31,0.0,79.0,0.0,141.0,18.0,0.0,7503.0584,0.0,7039.5547,402.8978
6686,POPLATEK MESICNE,116496,1997-12-25,24,4854.0,C,None,OWNER,188,1998-12-31,0.0,1.0,34.0,107.0,12.0,0.0,3.1915,5731.6383,5338.1011,309.8298
6688,POPLATEK MESICNE,22968,1996-10-23,36,638.0,C,None,OWNER,249,1998-12-31,0.0,43.0,0.0,73.0,103.0,0.0,1198.9357,0.0,576.2048,440.755
6699,POPLATEK MESICNE,127200,1997-09-24,48,2650.0,C,None,OWNER,222,1998-12-31,0.0,27.0,30.0,69.0,66.0,0.0,911.7117,2327.8604,1445.9099,1646.0766
6701,POPLATEK TYDNE,95400,1993-12-08,36,2650.0,A,None,OWNER,479,1998-12-31,0.0,124.0,0.0,249.0,36.0,0.0,6621.2589,0.0,6370.5637,199.1649
6706,POPLATEK MESICNE,64860,1998-07-12,60,1081.0,C,None,OWNER,180,1998-12-31,0.0,26.0,0.0,66.0,64.0,0.0,1977.4,0.0,1331.3611,413.1111
6715,POPLATEK TYDNE,137880,1995-01-14,60,2298.0,D,None,OWNER,402,1998-12-31,0.0,38.0,63.0,192.0,46.0,0.0,885.8209,2349.6318,2912.2985,262.9552
6738,POPLATEK MESICNE,37908,1995-10-31,12,3159.0,A,None,OWNER,288,1998-12-31,0.0,3.0,53.0,167.0,12.0,0.0,9.7222,3784.2188,3526.3889,131.625
6792,POPLATEK MESICNE,17184,1997-03-17,12,1432.0,A,None,OWNER,256,1998-12-31,0.0,39.0,0.0,92.0,93.0,0.0,1676.3984,0.0,1046.5039,488.1563
6856,POPLATEK MESICNE,124344,1997-04-30,36,3454.0,C,None,OWNER,319,1998-12-31,0.0,51.0,0.0,96.0,131.0,0.0,2875.1348,0.0,1385.931,1413.0784
6902,POPLATEK MESICNE,49320,1997-12-21,36,1370.0,C,None,OWNER,175,1998-12-31,0.0,28.0,0.0,65.0,56.0,0.0,1728.9886,0.0,973.8,667.8286
6922,POPLATEK TYDNE,139488,1998-12-06,24,5812.0,C,None,OWNER,108,1998-12-31,0.0,3.0,19.0,66.0,1.0,0.0,160.1852,6780.2778,6182.7593,53.8148
6924,POPLATEK MESICNE,194880,1995-12-05,48,4060.0,C,junior,OWNER,376,1998-12-31,2.0,4.0,55.0,172.0,88.0,10.9043,45.4787,3886.7686,2812.8883,1021.4229
6930,POPLATEK MESICNE,25944,1994-05-26,24,1081.0,A,classic,OWNER,357,1998-12-31,5.0,66.0,0.0,198.0,24.0,27.451,4712.6583,0.0,4461.3025,72.6723
6950,POPLATEK MESICNE,475680,1997-02-12,48,9910.0,C,classic,OWNER,322,1998-12-31,6.0,72.0,0.0,104.0,88.0,28.5714,4396.8509,0.0,1506.4286,2523.9876
6985,POPLATEK MESICNE,96768,1996-07-25,36,2688.0,C,None,OWNER,566,1998-12-31,0.0,136.0,0.0,220.0,128.0,0.0,6565.583,0.0,4464.6148,1903.8763
7045,POPLATEK MESICNE,288720,1997-06-16,48,6015.0,C,classic,OWNER,142,1998-12-31,1.0,1.0,24.0,74.0,18.0,23.2394,2.8169,6608.3944,5532.3803,762.4648
7049,POPLATEK MESICNE,495180,1998-05-22,60,8253.0,C,junior,OWNER,76,1998-12-31,0.0,1.0,14.0,40.0,7.0,0.0,7.8947,10099.25,8870.3553,760.1447
7052,POPLATEK PO OBRATU,63972,1997-11-09,36,1777.0,D,None,OWNER,104,1998-12-31,0.0,14.0,17.0,44.0,12.0,0.0,949.0385,1896.25,2358.6154,205.0385
7082,POPLATEK MESICNE,194160,1998-02-08,48,4045.0,C,None,OWNER,233,1998-12-31,0.0,42.0,0.0,61.0,103.0,0.0,1651.2961,0.0,602.7897,964.8712
7099,POPLATEK MESICNE,234336,1998-06-10,48,4882.0,C,None,OWNER,223,1998-12-31,0.0,3.0,28.0,85.0,79.0,0.0,28.6996,4006.704,2464.1614,1501.7982
7123,POPLATEK PO OBRATU,47016,1993-12-09,12,3918.0,A,None,OWNER,470,1998-12-31,0.0,122.0,0.0,215.0,64.0,0.0,6785.3915,0.0,4937.4064,1713.2511
7133,POPLATEK MESICNE,48672,1994-11-06,36,1352.0,A,None,OWNER,1134,1998-12-31,0.0,194.0,0.0,270.0,544.0,0.0,664.4868,0.0,255.5379,387.3968
7136,POPLATEK TYDNE,74124,1996-09-19,36,2059.0,C,None,OWNER,379,1998-12-31,0.0,59.0,0.0,136.0,141.0,0.0,4141.5224,0.0,3552.1082,533.9024
7156,POPLATEK MESICNE,49488,1998-04-16,24,2062.0,C,classic,OWNER,87,1998-12-31,2.0,8.0,16.0,37.0,8.0,31.0345,418.3908,4152.931,3700.931,189.6092
7176,POPLATEK MESICNE,203940,1997-11-30,60,3399.0,C,None,OWNER,149,1998-12-31,0.0,26.0,0.0,66.0,33.0,0.0,4337.5839,0.0,2866.2081,1116.6913
7180,POPLATEK TYDNE,99744,1998-11-17,24,4156.0,C,None,OWNER,111,1998-12-31,0.0,9.0,18.0,51.0,15.0,0.0,243.2432,4381.1622,2852.3964,1057.6847
7181,POPLATEK PO OBRATU,49872,1998-05-17,12,4156.0,C,None,OWNER,296,1998-12-31,0.0,53.0,0.0,94.0,119.0,0.0,3447.3581,0.0,2523.6284,664.0777
7184,POPLATEK MESICNE,155640,1996-08-04,24,6485.0,A,None,OWNER,370,1998-12-31,0.0,43.0,0.0,109.0,176.0,0.0,2828.6135,0.0,1635.2297,1065.6216
7190,POPLATEK MESICNE,63360,1995-06-06,60,1056.0,C,None,OWNER,802,1998-12-31,0.0,182.0,0.0,290.0,204.0,0.0,1564.3441,0.0,618.7781,906.8678
7240,POPLATEK MESICNE,152160,1998-01-15,60,2536.0,C,None,OWNER,374,1998-12-31,0.0,10.0,64.0,160.0,76.0,0.0,48.1283,2847.5401,1370.508,1468.2781
7262,POPLATEK MESICNE,73260,1997-02-10,60,1221.0,C,None,OWNER,190,1998-12-31,0.0,33.0,0.0,60.0,69.0,0.0,2787.6,0.0,1382.8684,1210.0421
7274,POPLATEK MESICNE,49044,1998-03-12,12,4087.0,C,None,OWNER,87,1998-12-31,0.0,19.0,0.0,32.0,21.0,0.0,4673.5402,0.0,3300.5977,1051.7586
7401,POPLATEK MESICNE,80952,1994-01-05,24,3373.0,A,None,OWNER,956,1998-12-31,0.0,24.0,140.0,474.0,178.0,0.0,101.2552,3217.4393,2108.1946,1157.41
7418,POPLATEK MESICNE,30276,1996-04-29,12,2523.0,B,None,OWNER,377,1998-12-31,0.0,17.0,45.0,175.0,8.0,0.0,121.4854,1967.6578,2012.9761,53.5385
7424,POPLATEK MESICNE,30276,1997-12-08,12,2523.0,A,None,OWNER,274,1998-12-31,0.0,54.0,0.0,99.0,93.0,0.0,5431.2847,0.0,4449.4453,907.7847
7437,POPLATEK TYDNE,110736,1998-04-19,48,2307.0,C,None,OWNER,130,1998-12-31,0.0,14.0,17.0,37.0,45.0,0.0,382.3077,1969.6923,1226.7615,823.1308
7445,POPLATEK MESICNE,55368,1994-03-15,24,2307.0,A,None,OWNER,539,1998-12-31,0.0,104.0,0.0,277.0,24.0,0.0,4425.8905,0.0,4323.4434,102.7236
7454,POPLATEK MESICNE,63312,1994-05-26,48,1319.0,A,None,OWNER,449,1998-12-31,0.0,86.0,0.0,120.0,175.0,0.0,787.0468,0.0,227.3163,531.7016
7485,POPLATEK MESICNE,91200,1994-03-16,24,3800.0,A,None,OWNER,830,1998-12-31,0.0,26.0,130.0,376.0,168.0,0.0,97.3494,3873.0699,2172.9422,1705.8795
7523,POPLATEK MESICNE,288468,1995-01-03,36,8013.0,A,None,OWNER,386,1998-12-31,0.0,57.0,0.0,189.0,36.0,0.0,3043.9611,0.0,2239.5984,747.3264
7542,POPLATEK MESICNE,590820,1997-10-19,60,9847.0,C,None,OWNER,220,1998-12-31,0.0,58.0,0.0,65.0,66.0,0.0,2612.3136,0.0,878.5,1462.4091
7546,POPLATEK MESICNE,41952,1995-11-02,12,3496.0,A,None,OWNER,431,1998-12-31,0.0,3.0,52.0,168.0,156.0,0.0,10.4408,2749.6125,2181.4594,554.8399
7559,POPLATEK MESICNE,12792,1998-07-11,12,1066.0,C,None,OWNER,114,1998-12-31,0.0,31.0,0.0,44.0,20.0,0.0,1454.8333,0.0,470.2632,561.0877
7562,POPLATEK TYDNE,309600,1995-12-31,48,6450.0,C,None,OWNER,295,1998-12-31,0.0,4.0,47.0,161.0,36.0,0.0,25.0847,6690.6949,5702.7119,787.1186
7565,POPLATEK MESICNE,153504,1997-08-17,48,3198.0,C,None,OWNER,224,1998-12-31,0.0,2.0,33.0,83.0,73.0,0.0,8.9286,3083.6116,1887.9152,1117.7366
7594,POPLATEK MESICNE,130464,1997-12-11,48,2718.0,C,None,OWNER,323,1998-12-31,0.0,54.0,0.0,108.0,129.0,0.0,3809.3684,0.0,3075.7214,650.2477
7606,POPLATEK MESICNE,191880,1995-12-12,60,3198.0,C,None,OWNER,402,1998-12-31,0.0,89.0,0.0,142.0,125.0,0.0,5113.3483,0.0,3646.1741,1402.4428
7607,POPLATEK MESICNE,31728,1995-03-27,24,1322.0,A,None,OWNER,866,1998-12-31,0.0,146.0,0.0,426.0,166.0,0.0,2458.2748,0.0,1464.3072,893.552
7614,POPLATEK MESICNE,320592,1996-05-18,48,6679.0,C,classic,OWNER,566,1998-12-31,18.0,2.0,92.0,300.0,62.0,90.4594,1.7668,7079.8587,6103.6749,731.6219
7632,POPLATEK MESICNE,170448,1998-01-08,48,3551.0,C,None,OWNER,322,1998-12-31,0.0,58.0,0.0,142.0,68.0,0.0,4092.0807,0.0,2196.087,1580.4348
7636,POPLATEK MESICNE,42384,1998-01-26,12,3532.0,C,None,OWNER,205,1998-12-31,0.0,41.0,0.0,78.0,59.0,0.0,3376.6439,0.0,2662.2732,587.8049
7637,POPLATEK MESICNE,390096,1997-01-29,48,8127.0,C,junior,OWNER,342,1998-12-31,6.0,68.0,0.0,120.0,92.0,35.6725,4450.4503,0.0,1618.6257,2357.0292
7674,POPLATEK MESICNE,94488,1997-03-21,24,3937.0,C,None,OWNER,258,1998-12-31,0.0,58.0,0.0,95.0,75.0,0.0,5460.5969,0.0,4141.5465,1247.6628
7713,POPLATEK TYDNE,220440,1998-02-25,60,3674.0,C,None,OWNER,149,1998-12-31,0.0,33.0,0.0,61.0,26.0,0.0,4615.1812,0.0,2914.8926,1150.5235
7721,POPLATEK MESICNE,45456,1998-05-28,12,3788.0,C,classic,OWNER,97,1998-12-31,0.0,2.0,18.0,52.0,7.0,0.0,143.299,4569.433,3805.2577,273.3608
7733,POPLATEK TYDNE,140064,1998-05-12,24,5836.0,C,classic,OWNER,194,1998-12-31,0.0,3.0,30.0,123.0,8.0,0.0,32.4742,7168.5825,6620.0825,240.6598
7745,POPLATEK MESICNE,77544,1997-12-20,36,2154.0,C,classic,OWNER,169,1998-12-31,0.0,41.0,0.0,72.0,32.0,0.0,6145.1006,0.0,4513.426,1355.3136
7753,POPLATEK MESICNE,51696,1994-03-11,24,2154.0,A,classic,OWNER,500,1998-12-31,27.0,127.0,0.0,250.0,25.0,133.8,6377.134,0.0,6045.086,107.7
7765,POPLATEK TYDNE,27984,1995-12-11,12,2332.0,A,None,OWNER,327,1998-12-31,0.0,75.0,0.0,141.0,58.0,0.0,4653.5443,0.0,3273.156,1241.4862
7769,POPLATEK MESICNE,196080,1994-05-22,48,4085.0,A,None,OWNER,435,1998-12-31,0.0,114.0,0.0,210.0,48.0,0.0,6181.4782,0.0,5665.0667,450.7586
7795,POPLATEK MESICNE,372120,1996-10-29,60,6202.0,C,gold,OWNER,710,1998-12-31,0.0,188.0,0.0,374.0,52.0,0.0,7106.3803,0.0,6481.1577,454.231
7815,POPLATEK TYDNE,189696,1996-01-01,24,7904.0,A,None,OWNER,830,1998-12-31,0.0,146.0,0.0,284.0,310.0,0.0,3794.0795,0.0,2882.2602,874.188
7819,POPLATEK MESICNE,20832,1995-02-02,48,434.0,C,None,OWNER,591,1998-12-31,0.0,83.0,0.0,156.0,287.0,0.0,1109.3012,0.0,464.9746,613.4992
7824,POPLATEK MESICNE,189696,1994-09-28,24,7904.0,B,None,OWNER,339,1998-12-31,0.0,67.0,0.0,137.0,90.0,0.0,5047.2448,0.0,4296.292,684.4484
7844,POPLATEK MESICNE,91584,1994-06-25,24,3816.0,A,None,OWNER,366,1998-12-31,0.0,3.0,61.0,217.0,24.0,0.0,9.8361,5802.776,5405.5246,250.2295
7857,POPLATEK MESICNE,68112,1995-01-18,12,5676.0,A,None,OWNER,579,1998-12-31,0.0,4.0,65.0,251.0,194.0,0.0,21.5889,4640.2245,3462.2038,1087.1347
7859,POPLATEK MESICNE,72120,1996-11-19,12,6010.0,A,gold,OWNER,520,1998-12-31,18.0,4.0,90.0,294.0,24.0,155.0,38.8462,6796.1269,5981.6346,277.3846
7861,POPLATEK MESICNE,21852,1995-10-08,36,607.0,A,classic,OWNER,414,1998-12-31,30.0,50.0,0.0,98.0,192.0,174.8792,2170.4638,0.0,906.5338,896.558
7890,POPLATEK MESICNE,79344,1997-10-14,48,1653.0,C,None,OWNER,204,1998-12-31,0.0,57.0,0.0,71.0,43.0,0.0,1615.4657,0.0,628.0392,725.2843
7894,POPLATEK MESICNE,153144,1997-10-21,36,4254.0,C,classic,OWNER,286,1998-12-31,10.0,59.0,0.0,106.0,78.0,81.1189,5105.0909,0.0,3846.9685,1045.7203
7907,POPLATEK MESICNE,97392,1997-08-31,12,8116.0,A,None,OWNER,406,1998-12-31,0.0,98.0,0.0,172.0,76.0,0.0,5217.2512,0.0,3666.2069,1290.1182
7926,POPLATEK TYDNE,84120,1996-09-22,24,3505.0,A,None,OWNER,191,1998-12-31,0.0,50.0,0.0,86.0,24.0,0.0,6354.5916,0.0,5582.4084,440.4188
7957,POPLATEK MESICNE,42900,1997-06-14,12,3575.0,A,classic,OWNER,692,1998-12-31,10.0,158.0,0.0,276.0,168.0,37.2832,5365.8815,0.0,3758.6243,1395.3295
7965,POPLATEK MESICNE,71460,1994-09-30,12,5955.0,A,None,OWNER,812,1998-12-31,0.0,188.0,0.0,370.0,134.0,0.0,4181.1552,0.0,2892.1232,1160.5911
7966,POPLATEK MESICNE,473280,1997-09-07,60,7888.0,D,None,OWNER,168,1998-12-31,0.0,35.0,0.0,74.0,13.0,0.0,4219.8155,0.0,3481.0417,610.381
7990,POPLATEK MESICNE,144960,1998-04-23,48,3020.0,C,None,OWNER,214,1998-12-31,0.0,57.0,0.0,96.0,33.0,0.0,6831.9579,0.0,5636.9299,949.1121
7997,POPLATEK MESICNE,160656,1998-02-05,24,6694.0,C,None,OWNER,225,1998-12-31,0.0,56.0,0.0,126.0,11.0,0.0,6261.1067,0.0,5790.5289,327.2622
8026,POPLATEK MESICNE,128268,1997-09-09,36,3563.0,C,classic,OWNER,108,1998-12-31,5.0,23.0,0.0,43.0,16.0,105.5556,5106.3611,0.0,3847.037,527.8519
8027,POPLATEK TYDNE,77640,1994-06-05,12,6470.0,A,None,OWNER,403,1998-12-31,0.0,3.0,65.0,258.0,12.0,0.0,17.1216,6790.7419,6539.9901,192.6551
8038,POPLATEK MESICNE,35856,1998-01-18,24,1494.0,C,classic,OWNER,168,1998-12-31,1.0,30.0,0.0,75.0,34.0,23.8095,4026.7143,0.0,2770.744,811.7798
8039,POPLATEK MESICNE,93600,1996-10-20,24,3900.0,A,classic,OWNER,289,1998-12-31,1.0,47.0,0.0,87.0,117.0,0.346,3376.8651,0.0,2326.8651,851.173
8041,POPLATEK MESICNE,140400,1994-11-06,36,3900.0,A,classic,OWNER,442,1998-12-31,6.0,117.0,0.0,220.0,36.0,39.5928,6416.5181,0.0,5863.9276,317.7285
8051,POPLATEK TYDNE,208320,1994-06-01,48,4340.0,A,None,OWNER,832,1998-12-31,0.0,8.0,140.0,448.0,96.0,0.0,11.2981,4757.3077,4237.5481,500.7692
8073,POPLATEK PO OBRATU,49320,1994-02-17,12,4110.0,B,None,OWNER,533,1998-12-31,0.0,120.0,0.0,217.0,132.0,0.0,4932.0619,0.0,3338.2308,1446.0657
8085,POPLATEK MESICNE,260400,1997-10-17,60,4340.0,D,None,OWNER,232,1998-12-31,0.0,43.0,0.0,88.0,68.0,0.0,4644.8405,0.0,2841.3103,1600.3233
8092,POPLATEK MESICNE,56100,1996-02-20,60,935.0,C,None,OWNER,269,1998-12-31,0.0,52.0,0.0,93.0,77.0,0.0,1808.6394,0.0,659.8885,1111.8141
8094,POPLATEK MESICNE,220428,1997-05-09,36,6123.0,C,None,OWNER,161,1998-12-31,0.0,1.0,25.0,69.0,41.0,0.0,3.7267,7858.5093,6209.3665,1499.5342
8114,POPLATEK MESICNE,99300,1997-08-15,60,1655.0,C,None,OWNER,263,1998-12-31,0.0,40.0,0.0,101.0,84.0,0.0,2955.6768,0.0,1859.2966,934.7833
8127,POPLATEK MESICNE,155880,1996-07-15,24,6495.0,A,classic,OWNER,784,1998-12-31,2.0,200.0,0.0,348.0,138.0,4.8469,6223.6454,0.0,4629.1786,1351.0332
8129,POPLATEK MESICNE,74736,1994-07-30,36,2076.0,A,classic,OWNER,413,1998-12-31,8.0,67.0,0.0,175.0,97.0,27.6029,3570.1162,0.0,2333.9346,1094.3341
8158,POPLATEK TYDNE,238716,1997-11-01,36,6631.0,C,None,OWNER,220,1998-12-31,0.0,2.0,30.0,93.0,65.0,0.0,26.3636,5877.1818,3817.5773,1759.6909
8159,POPLATEK MESICNE,29784,1995-06-13,24,1241.0,A,None,OWNER,662,1998-12-31,0.0,104.0,0.0,250.0,216.0,0.0,1770.3927,0.0,942.4622,671.8912
8169,POPLATEK MESICNE,97980,1997-08-12,60,1633.0,C,None,OWNER,259,1998-12-31,0.0,44.0,0.0,97.0,81.0,0.0,1781.027,0.0,862.5483,814.2741
8173,POPLATEK MESICNE,80340,1994-05-20,12,6695.0,A,junior,OWNER,846,1998-12-31,26.0,6.0,130.0,530.0,24.0,77.5414,36.1702,6806.6667,6442.6478,189.9291
8225,POPLATEK MESICNE,36204,1998-03-30,12,3017.0,D,None,OWNER,196,1998-12-31,0.0,4.0,25.0,84.0,8.0,0.0,32.1429,2539.949,2298.9847,123.1429
8260,POPLATEK MESICNE,224604,1994-08-25,36,6239.0,A,junior,OWNER,850,1998-12-31,12.0,32.0,138.0,458.0,72.0,30.1176,579.5294,6606.1624,6509.1647,528.48
8261,POPLATEK MESICNE,87840,1993-09-13,24,3660.0,A,None,OWNER,1350,1998-12-31,0.0,10.0,136.0,380.0,552.0,0.0,17.037,2407.3481,1745.0919,609.5867
8268,POPLATEK MESICNE,8616,1997-09-26,24,359.0,C,None,OWNER,210,1998-12-31,0.0,39.0,0.0,58.0,59.0,0.0,2018.0095,0.0,856.8095,850.0143
8316,POPLATEK MESICNE,134784,1995-03-19,24,5616.0,A,None,OWNER,422,1998-12-31,0.0,87.0,0.0,202.0,24.0,0.0,5433.5616,0.0,4877.6493,319.3934
8320,POPLATEK MESICNE,309660,1997-06-04,60,5161.0,C,None,OWNER,326,1998-12-31,0.0,2.0,46.0,110.0,76.0,0.0,6.7485,4749.5276,2898.5092,1662.908
8321,POPLATEK MESICNE,89040,1994-05-09,60,1484.0,C,None,OWNER,1070,1998-12-31,0.0,212.0,0.0,342.0,240.0,0.0,1714.6729,0.0,629.3084,997.6224
8327,POPLATEK TYDNE,247728,1996-03-10,48,5161.0,C,junior,OWNER,339,1998-12-31,6.0,60.0,0.0,87.0,106.0,41.0029,3801.2979,0.0,2485.6136,1223.0737
8330,POPLATEK MESICNE,7656,1994-03-30,24,319.0,A,None,OWNER,1050,1998-12-31,0.0,142.0,0.0,454.0,178.0,0.0,3018.7619,0.0,2444.3048,473.6686
8377,POPLATEK MESICNE,417060,1995-06-01,60,6951.0,C,None,OWNER,846,1998-12-31,0.0,158.0,0.0,204.0,274.0,0.0,3340.9054,0.0,1845.8865,1394.3806
8381,POPLATEK MESICNE,333648,1997-07-25,48,6951.0,D,None,OWNER,267,1998-12-31,0.0,55.0,0.0,99.0,61.0,0.0,5139.5243,0.0,4007.3633,1123.4869
8405,POPLATEK MESICNE,266220,1995-10-14,60,4437.0,C,None,OWNER,532,1998-12-31,0.0,62.0,0.0,169.0,191.0,0.0,2517.8853,0.0,1394.5677,1069.3703
8411,POPLATEK MESICNE,220620,1996-05-06,60,3677.0,C,None,OWNER,392,1998-12-31,0.0,3.0,49.0,122.0,120.0,0.0,12.5,3011.2857,1624.2679,1346.1735
8475,POPLATEK MESICNE,21072,1994-01-21,24,878.0,A,None,OWNER,544,1998-12-31,0.0,99.0,0.0,177.0,142.0,0.0,1009.7463,0.0,460.386,508.1324
8489,POPLATEK MESICNE,265320,1995-06-23,36,7370.0,A,None,OWNER,902,1998-12-31,0.0,136.0,0.0,324.0,190.0,0.0,2689.6031,0.0,1489.4235,1089.9889
8492,POPLATEK MESICNE,85860,1995-09-03,60,1431.0,C,classic,OWNER,422,1998-12-31,34.0,75.0,0.0,116.0,89.0,157.8199,1710.2062,0.0,754.7275,646.8886
8505,POPLATEK MESICNE,42840,1997-12-10,12,3570.0,A,None,OWNER,135,1998-12-31,0.0,23.0,0.0,58.0,12.0,0.0,2649.3037,0.0,2199.1111,317.3333
8519,POPLATEK MESICNE,74688,1994-08-11,12,6224.0,A,None,OWNER,1054,1998-12-31,0.0,8.0,138.0,478.0,154.0,0.0,13.4725,5314.8956,3398.8634,1818.6262
8523,POPLATEK MESICNE,93036,1998-02-15,12,7753.0,C,None,OWNER,185,1998-12-31,0.0,2.0,25.0,98.0,10.0,0.0,25.9459,6915.1351,6252.9568,419.0811
8533,POPLATEK MESICNE,174048,1996-09-19,48,3626.0,C,classic,OWNER,296,1998-12-31,4.0,64.0,0.0,129.0,27.0,28.7162,5307.4088,0.0,4864.6351,330.75
8547,POPLATEK TYDNE,173016,1996-05-30,36,4806.0,C,classic,OWNER,339,1998-12-31,6.0,78.0,0.0,142.0,31.0,48.6726,5030.59,0.0,4492.5546,439.5782
8558,POPLATEK PO OBRATU,288360,1994-06-14,60,4806.0,C,None,OWNER,337,1998-12-31,0.0,55.0,0.0,114.0,54.0,0.0,3017.9644,0.0,2203.4421,770.2611
8564,POPLATEK MESICNE,76680,1995-03-11,24,3195.0,A,None,OWNER,1086,1998-12-31,0.0,4.0,126.0,420.0,284.0,0.0,2.9466,4840.2983,3285.4954,1511.8214
8566,POPLATEK MESICNE,230220,1994-09-29,36,6395.0,B,None,OWNER,452,1998-12-31,0.0,71.0,0.0,128.0,130.0,0.0,3387.1903,0.0,2016.6925,1351.5442
8625,POPLATEK MESICNE,47304,1995-04-10,24,1971.0,A,classic,OWNER,549,1998-12-31,7.0,119.0,0.0,216.0,83.0,36.7942,5746.5811,0.0,4742.4262,962.1366
8639,POPLATEK MESICNE,185640,1998-06-06,60,3094.0,C,None,OWNER,103,1998-12-31,0.0,3.0,16.0,45.0,7.0,0.0,26.2136,3154.5728,2772.1748,210.3398
8645,POPLATEK MESICNE,240900,1998-12-08,60,4015.0,C,None,OWNER,125,1998-12-31,0.0,21.0,0.0,54.0,14.0,0.0,2680.936,0.0,1446.52,959.696
8680,POPLATEK MESICNE,85716,1996-07-14,36,2381.0,C,None,OWNER,500,1998-12-31,0.0,20.0,68.0,102.0,174.0,0.0,76.8,2114.464,432.14,1687.22
8688,POPLATEK MESICNE,67980,1997-03-20,12,5665.0,A,None,OWNER,162,1998-12-31,0.0,26.0,0.0,74.0,12.0,0.0,2996.2346,0.0,2275.1852,419.6296
8713,POPLATEK MESICNE,170700,1998-07-24,60,2845.0,C,None,OWNER,131,1998-12-31,0.0,8.0,19.0,61.0,5.0,0.0,180.916,2736.4122,2727.9618,108.5878
8742,POPLATEK MESICNE,33144,1997-07-29,12,2762.0,A,None,OWNER,406,1998-12-31,0.0,56.0,0.0,124.0,134.0,0.0,1951.7241,0.0,1131.4778,731.2069
8772,POPLATEK MESICNE,88272,1997-06-19,48,1839.0,C,None,OWNER,192,1998-12-31,0.0,3.0,31.0,51.0,45.0,0.0,30.7292,1954.2917,706.1979,1206.9844
8776,POPLATEK MESICNE,33984,1995-08-26,48,708.0,C,None,OWNER,359,1998-12-31,0.0,54.0,0.0,161.0,40.0,0.0,2133.7493,0.0,1868.2591,78.8858
8784,POPLATEK MESICNE,74352,1998-04-28,24,3098.0,C,None,OWNER,191,1998-12-31,0.0,1.0,26.0,83.0,29.0,0.0,5.7592,5489.7435,4287.4974,910.0576
8899,POPLATEK TYDNE,125340,1995-12-25,60,2089.0,C,None,OWNER,471,1998-12-31,0.0,97.0,0.0,187.0,85.0,0.0,4972.6115,0.0,4335.9023,545.9469
8919,POPLATEK MESICNE,76104,1998-06-08,24,3171.0,C,None,OWNER,282,1998-12-31,0.0,66.0,0.0,74.0,70.0,0.0,986.1915,0.0,448.3333,439.0142
8926,POPLATEK MESICNE,566640,1998-01-23,60,9444.0,C,None,OWNER,400,1998-12-31,0.0,60.0,0.0,100.0,156.0,0.0,2210.245,0.0,854.5,1179.915
8931,POPLATEK TYDNE,186300,1997-01-30,60,3105.0,C,classic,OWNER,360,1998-12-31,0.0,77.0,0.0,125.0,87.0,0.0,5374.85,0.0,4328.4528,913.3083
8972,POPLATEK MESICNE,45024,1996-12-21,48,938.0,C,None,OWNER,247,1998-12-31,0.0,32.0,0.0,75.0,78.0,0.0,2906.4656,0.0,1987.5709,831.7287
8982,POPLATEK MESICNE,227880,1994-10-12,36,6330.0,A,None,OWNER,954,1998-12-31,0.0,202.0,0.0,426.0,74.0,0.0,4644.0419,0.0,4013.3962,491.0063
9006,POPLATEK TYDNE,186384,1996-06-08,48,3883.0,C,None,OWNER,433,1998-12-31,0.0,88.0,0.0,161.0,80.0,0.0,5253.7552,0.0,4325.0,793.3949
9017,POPLATEK MESICNE,100224,1996-03-26,48,2088.0,D,None,OWNER,267,1998-12-31,0.0,4.0,37.0,85.0,30.0,0.0,24.3446,1900.3146,1632.3258,234.6067
9024,POPLATEK MESICNE,70656,1996-10-04,48,1472.0,C,None,OWNER,263,1998-12-31,0.0,38.0,0.0,95.0,58.0,0.0,2226.0152,0.0,1223.365,890.1673
9030,POPLATEK MESICNE,155616,1996-12-12,48,3242.0,C,None,OWNER,768,1998-12-31,0.0,100.0,0.0,258.0,222.0,0.0,2349.9792,0.0,1643.5156,593.8125
9031,POPLATEK MESICNE,50112,1997-05-03,24,2088.0,C,None,OWNER,189,1998-12-31,0.0,24.0,0.0,42.0,76.0,0.0,2034.619,0.0,1253.6667,714.3598
9034,POPLATEK MESICNE,38148,1993-12-16,12,3179.0,A,None,OWNER,611,1998-12-31,0.0,26.0,66.0,191.0,196.0,0.0,144.0262,2551.5319,1142.9918,1518.2913
9037,POPLATEK MESICNE,321936,1998-09-15,48,6707.0,C,None,OWNER,412,1998-12-31,0.0,92.0,0.0,126.0,90.0,0.0,2180.7136,0.0,1073.2767,857.0388
9052,POPLATEK PO OBRATU,71976,1997-02-26,24,2999.0,D,None,OWNER,303,1998-12-31,0.0,58.0,0.0,146.0,21.0,0.0,5221.3696,0.0,4960.4752,207.8515
9093,POPLATEK MESICNE,189300,1994-08-03,60,3155.0,C,classic,OWNER,580,1998-12-31,23.0,69.0,0.0,179.0,177.0,75.0,2343.8845,0.0,1498.0948,708.1914
9104,POPLATEK MESICNE,172080,1994-08-07,48,3585.0,A,None,OWNER,403,1998-12-31,0.0,79.0,0.0,157.0,48.0,0.0,4261.8139,0.0,3789.9082,426.9975
9138,POPLATEK MESICNE,272220,1997-06-03,60,4537.0,D,None,OWNER,214,1998-12-31,0.0,38.0,0.0,57.0,63.0,0.0,3761.743,0.0,2012.8551,1661.2757
9140,POPLATEK MESICNE,16032,1998-11-10,48,334.0,C,None,OWNER,135,1998-12-31,0.0,20.0,0.0,46.0,37.0,0.0,1849.3259,0.0,933.0741,834.9407
9153,POPLATEK MESICNE,52236,1998-03-01,36,1451.0,C,None,OWNER,348,1998-12-31,0.0,78.0,0.0,114.0,60.0,0.0,1461.1494,0.0,527.6149,662.931
9156,POPLATEK MESICNE,163332,1998-12-01,36,4537.0,C,None,OWNER,72,1998-12-31,0.0,12.0,0.0,34.0,1.0,0.0,4304.1667,0.0,3842.7778,63.0139
9159,POPLATEK MESICNE,69600,1998-06-08,48,1450.0,C,None,OWNER,576,1998-12-31,0.0,80.0,0.0,170.0,212.0,0.0,1856.9479,0.0,834.8611,834.8194
9167,POPLATEK MESICNE,272220,1998-03-07,60,4537.0,C,None,OWNER,190,1998-12-31,0.0,38.0,0.0,57.0,55.0,0.0,3945.0158,0.0,2859.1316,742.6316
9179,POPLATEK MESICNE,215040,1998-02-28,60,3584.0,C,None,OWNER,151,1998-12-31,0.0,1.0,23.0,71.0,10.0,0.0,6.6225,3559.9338,3139.0993,237.351
9188,POPLATEK MESICNE,127080,1993-07-28,60,2118.0,A,None,OWNER,605,1998-12-31,0.0,11.0,70.0,126.0,258.0,0.0,31.7355,1596.6281,458.6165,1134.3769
9199,POPLATEK MESICNE,29448,1996-09-11,12,2454.0,B,None,OWNER,221,1998-12-31,0.0,6.0,31.0,113.0,11.0,0.0,71.0407,2265.6787,2190.5792,122.1946
9201,POPLATEK MESICNE,122472,1998-02-05,24,5103.0,C,None,OWNER,206,1998-12-31,0.0,4.0,26.0,91.0,33.0,0.0,27.6699,5949.3058,4081.5194,1710.0728
9208,POPLATEK MESICNE,82128,1998-10-12,24,3422.0,C,None,OWNER,144,1998-12-31,0.0,5.0,19.0,62.0,1.0,0.0,92.3611,2993.8264,2915.6875,23.7639
9225,POPLATEK MESICNE,164256,1997-04-13,48,3422.0,C,None,OWNER,528,1998-12-31,0.0,114.0,0.0,232.0,40.0,0.0,4978.0606,0.0,4425.3598,259.2424
9227,POPLATEK MESICNE,191580,1998-04-29,60,3193.0,C,None,OWNER,100,1998-12-31,0.0,24.0,0.0,20.0,28.0,0.0,1096.55,0.0,410.35,550.24
9235,POPLATEK MESICNE,83280,1997-03-13,48,1735.0,C,classic,OWNER,286,1998-12-31,3.0,45.0,0.0,133.0,21.0,23.7762,2536.9196,0.0,2166.4161,127.3951
9236,POPLATEK MESICNE,86616,1993-12-21,12,7218.0,A,None,OWNER,561,1998-12-31,0.0,115.0,0.0,187.0,131.0,0.0,1899.2282,0.0,1114.8752,633.2264
9241,POPLATEK MESICNE,285240,1997-06-19,60,4754.0,C,None,OWNER,404,1998-12-31,0.0,2.0,54.0,160.0,80.0,0.0,5.4455,4165.3416,3258.4208,815.1584
9242,POPLATEK MESICNE,23184,1997-01-24,12,1932.0,A,None,OWNER,218,1998-12-31,0.0,45.0,0.0,95.0,12.0,0.0,1447.4862,0.0,1177.156,106.3486
9263,POPLATEK MESICNE,39576,1997-05-08,12,3298.0,A,None,OWNER,476,1998-12-31,0.0,4.0,62.0,158.0,128.0,0.0,7.1429,2827.1429,1474.5546,1251.7311
9265,POPLATEK MESICNE,39576,1994-07-11,12,3298.0,A,junior,OWNER,643,1998-12-31,9.0,125.0,0.0,226.0,143.0,41.8351,4367.5723,0.0,2806.4868,1432.3857
9307,POPLATEK MESICNE,41904,1994-09-19,12,3492.0,A,None,OWNER,649,1998-12-31,0.0,120.0,0.0,244.0,144.0,0.0,3870.5624,0.0,2922.8089,815.9908
9337,POPLATEK MESICNE,52128,1994-06-04,24,2172.0,A,classic,OWNER,526,1998-12-31,11.0,81.0,0.0,219.0,24.0,50.5703,2994.0209,0.0,2837.308,99.1027
9353,POPLATEK MESICNE,188616,1997-06-08,24,7859.0,C,None,OWNER,460,1998-12-31,0.0,114.0,0.0,144.0,82.0,0.0,5230.2087,0.0,3506.8261,1628.7
9377,POPLATEK MESICNE,99936,1997-04-29,24,4164.0,C,classic,OWNER,347,1998-12-31,8.0,62.0,0.0,111.0,89.0,59.0778,4030.3458,0.0,2983.4669,911.9798
9403,POPLATEK TYDNE,120888,1994-08-05,36,3358.0,A,None,OWNER,431,1998-12-31,0.0,81.0,0.0,181.0,101.0,0.0,3110.1671,0.0,2305.9954,766.8515
9422,POPLATEK MESICNE,86184,1996-10-29,12,7182.0,A,classic,OWNER,269,1998-12-31,10.0,3.0,34.0,118.0,70.0,88.1041,10.4089,5927.5539,5062.4349,670.0483
9424,POPLATEK MESICNE,83628,1997-08-26,36,2323.0,C,None,OWNER,128,1998-12-31,0.0,2.0,24.0,62.0,16.0,0.0,50.7813,2830.75,2295.6563,290.375
9433,POPLATEK MESICNE,44640,1998-10-05,24,1860.0,C,None,OWNER,83,1998-12-31,0.0,18.0,0.0,46.0,3.0,0.0,3665.2289,0.0,3198.1325,67.2289
9455,POPLATEK MESICNE,374760,1998-02-07,60,6246.0,C,None,OWNER,428,1998-12-31,0.0,10.0,52.0,164.0,150.0,0.0,64.9533,4990.8178,3361.2944,1433.1542
9472,POPLATEK TYDNE,36396,1995-05-08,12,3033.0,A,None,OWNER,454,1998-12-31,0.0,87.0,0.0,229.0,72.0,0.0,4970.2445,0.0,4124.4736,756.6872
9491,POPLATEK TYDNE,225504,1998-06-25,48,4698.0,C,junior,OWNER,235,1998-12-31,3.0,1.0,29.0,94.0,79.0,43.4043,3.4043,5874.4255,4724.1277,928.2426
9493,POPLATEK MESICNE,188688,1995-09-09,48,3931.0,C,None,OWNER,302,1998-12-31,0.0,8.0,45.0,123.0,81.0,0.0,56.6225,3826.7185,2171.1556,1444.2483
9494,POPLATEK MESICNE,116832,1997-02-09,12,9736.0,A,None,OWNER,400,1998-12-31,0.0,116.0,0.0,140.0,80.0,0.0,2741.7,0.0,1322.825,1248.6
9504,POPLATEK MESICNE,341280,1997-03-10,60,5688.0,C,classic,OWNER,198,1998-12-31,6.0,1.0,35.0,99.0,22.0,92.4242,3.5354,7117.3384,6334.601,632.0
9510,POPLATEK MESICNE,228276,1996-11-22,36,6341.0,C,None,OWNER,334,1998-12-31,0.0,70.0,0.0,152.0,50.0,0.0,3092.8323,0.0,1954.9102,949.2515
9513,POPLATEK MESICNE,18324,1997-07-16,12,1527.0,A,None,OWNER,392,1998-12-31,0.0,66.0,0.0,182.0,80.0,0.0,3633.2143,0.0,2168.5969,1281.9184
9548,POPLATEK MESICNE,46176,1996-11-15,48,962.0,C,None,OWNER,182,1998-12-31,0.0,34.0,0.0,67.0,51.0,0.0,3285.9615,0.0,1311.4011,1505.4286
9560,POPLATEK MESICNE,157068,1998-03-15,36,4363.0,C,None,OWNER,88,1998-12-31,0.0,21.0,0.0,31.0,18.0,0.0,6038.25,0.0,4262.8295,1186.0568
9583,POPLATEK TYDNE,104712,1995-12-12,24,4363.0,A,None,OWNER,842,1998-12-31,0.0,244.0,0.0,348.0,144.0,0.0,6509.6057,0.0,4627.8385,1753.4846
9591,POPLATEK MESICNE,104712,1995-04-11,24,4363.0,A,None,OWNER,457,1998-11-30,0.0,96.0,0.0,207.0,89.0,0.0,4767.2341,0.0,3957.046,819.2976
9627,POPLATEK PO OBRATU,244368,1995-11-22,48,5091.0,C,None,OWNER,360,1998-12-31,0.0,98.0,0.0,172.0,37.0,0.0,6609.2417,0.0,5904.6611,523.2417
9631,POPLATEK MESICNE,59448,1997-11-09,24,2477.0,C,None,OWNER,177,1998-12-31,0.0,11.0,30.0,92.0,14.0,0.0,132.7684,2728.7288,2608.4011,195.9209
9633,POPLATEK MESICNE,59448,1997-06-30,24,2477.0,D,None,OWNER,276,1998-12-31,0.0,58.0,0.0,134.0,17.0,0.0,4792.3986,0.0,4658.3696,152.5688
9640,POPLATEK MESICNE,76416,1995-01-11,24,3184.0,A,None,OWNER,1060,1998-12-31,0.0,98.0,140.0,372.0,310.0,0.0,597.1698,2739.7283,1198.4755,1951.0566
9645,POPLATEK MESICNE,176148,1996-06-06,36,4893.0,C,None,OWNER,230,1998-12-31,0.0,2.0,35.0,96.0,62.0,0.0,20.0,5762.9609,4333.3522,1358.0696
9646,POPLATEK TYDNE,279072,1998-04-02,48,5814.0,C,None,OWNER,286,1998-12-31,0.0,86.0,0.0,140.0,16.0,0.0,6409.5524,0.0,5695.9441,325.2587
9656,POPLATEK MESICNE,139536,1995-06-13,24,5814.0,A,None,OWNER,481,1998-12-31,0.0,118.0,0.0,218.0,83.0,0.0,5830.3576,0.0,4171.2079,1605.1455
9673,POPLATEK MESICNE,88200,1998-09-12,36,2450.0,C,None,OWNER,232,1998-12-31,0.0,14.0,38.0,104.0,38.0,0.0,164.6552,2661.4052,1958.3017,560.8621
9677,POPLATEK MESICNE,31620,1997-06-17,60,527.0,C,None,OWNER,161,1998-12-31,0.0,31.0,0.0,64.0,40.0,0.0,2511.9689,0.0,1020.5901,1281.0807
9730,POPLATEK MESICNE,116040,1997-08-15,60,1934.0,C,None,OWNER,314,1998-12-31,0.0,52.0,0.0,102.0,112.0,0.0,1793.9108,0.0,724.1083,836.8408
9731,POPLATEK PO OBRATU,113796,1995-11-22,36,3161.0,A,None,OWNER,692,1998-12-31,0.0,10.0,98.0,234.0,252.0,0.0,14.4509,2932.2948,1762.1879,1146.5636
9750,POPLATEK MESICNE,151728,1995-02-11,48,3161.0,D,None,OWNER,416,1998-12-31,0.0,93.0,0.0,170.0,45.0,0.0,5266.9135,0.0,4703.5841,341.9351
9790,POPLATEK MESICNE,133968,1996-07-27,48,2791.0,C,classic,OWNER,752,1998-12-31,8.0,154.0,0.0,234.0,280.0,21.2766,4904.1888,0.0,3268.4707,1464.1117
9814,POPLATEK TYDNE,96168,1996-09-26,12,8014.0,A,gold,OWNER,407,1998-12-31,1.0,79.0,0.0,177.0,9.0,16.2162,4523.2801,0.0,4199.3882,177.2138
9828,POPLATEK MESICNE,126600,1995-04-13,24,5275.0,A,None,OWNER,406,1998-12-31,0.0,1.0,67.0,247.0,24.0,0.0,0.9852,5690.4039,5315.6823,311.8227
9833,POPLATEK MESICNE,97632,1994-05-21,12,8136.0,A,None,OWNER,547,1998-12-31,0.0,12.0,65.0,271.0,134.0,0.0,150.6399,6291.6417,4832.3163,1566.4314
9859,POPLATEK MESICNE,300600,1997-08-10,60,5010.0,C,classic,OWNER,251,1998-12-31,8.0,3.0,29.0,92.0,90.0,79.6813,54.5817,3772.8367,2925.7012,653.0996
9869,POPLATEK MESICNE,331560,1995-03-15,60,5526.0,C,junior,OWNER,930,1998-12-31,40.0,136.0,0.0,300.0,326.0,104.5161,3332.2323,0.0,1478.2473,1598.6774
9897,POPLATEK MESICNE,36168,1995-09-22,12,3014.0,A,None,OWNER,382,1998-12-31,0.0,25.0,46.0,128.0,137.0,0.0,281.9372,2366.6335,1046.3482,1497.9555
9928,POPLATEK MESICNE,89340,1996-08-02,60,1489.0,C,None,OWNER,498,1998-12-31,0.0,108.0,0.0,188.0,126.0,0.0,2159.4096,0.0,1068.4137,858.3333
10001,POPLATEK MESICNE,19044,1996-07-11,36,529.0,C,None,OWNER,248,1998-12-31,0.0,45.0,0.0,130.0,30.0,0.0,3053.8226,0.0,2709.5565,63.9919
10005,POPLATEK MESICNE,210744,1998-07-29,36,5854.0,C,None,OWNER,73,1998-12-31,0.0,1.0,13.0,32.0,14.0,0.0,2.7397,6976.9041,4744.5205,1529.1644
10019,POPLATEK MESICNE,194940,1996-09-25,36,5415.0,C,None,OWNER,250,1998-12-12,0.0,57.0,0.0,124.0,27.0,0.0,5224.708,0.0,4585.772,584.82
10022,POPLATEK MESICNE,218064,1998-01-03,48,4543.0,C,classic,OWNER,133,1998-12-31,1.0,5.0,19.0,47.0,42.0,12.0301,120.3008,4303.5789,2206.3759,1738.6917
10049,POPLATEK MESICNE,91632,1997-03-28,12,7636.0,A,None,OWNER,460,1998-12-31,0.0,130.0,0.0,126.0,138.0,0.0,1601.1174,0.0,793.2174,755.7957
10063,POPLATEK TYDNE,233424,1997-06-24,36,6484.0,C,None,OWNER,232,1998-12-31,0.0,4.0,26.0,70.0,106.0,0.0,45.2586,4778.9095,3008.8319,1618.5259
10065,POPLATEK MESICNE,311232,1997-09-23,48,6484.0,C,classic,OWNER,263,1998-12-31,2.0,79.0,0.0,134.0,15.0,11.4068,8110.7871,0.0,7408.9392,369.8099
10068,POPLATEK MESICNE,77808,1997-07-28,12,6484.0,A,None,OWNER,288,1998-12-31,0.0,72.0,0.0,150.0,24.0,0.0,6023.3194,0.0,5352.5972,540.3333
10079,POPLATEK MESICNE,167100,1994-04-06,60,2785.0,C,classic,OWNER,876,1998-12-31,2.0,208.0,0.0,416.0,114.0,3.4247,6064.9498,0.0,5679.8425,362.4315
10093,POPLATEK TYDNE,231696,1995-10-20,36,6436.0,A,None,OWNER,940,1998-12-31,0.0,8.0,108.0,346.0,370.0,0.0,10.4255,5025.6574,3368.066,1569.5404
10105,POPLATEK MESICNE,121896,1994-08-27,24,5079.0,A,None,OWNER,499,1998-12-31,0.0,136.0,0.0,271.0,24.0,0.0,5953.2285,0.0,5598.6413,244.2806
10131,POPLATEK MESICNE,215388,1994-05-02,36,5983.0,B,None,OWNER,399,1998-12-31,0.0,75.0,0.0,189.0,20.0,0.0,3610.3058,0.0,3311.3734,299.8997
10134,POPLATEK MESICNE,136368,1998-01-11,24,5682.0,C,None,OWNER,148,1998-12-31,0.0,36.0,0.0,62.0,30.0,0.0,6362.1351,0.0,4400.4797,1620.3649
10148,POPLATEK MESICNE,22104,1998-01-27,12,1842.0,C,None,OWNER,157,1998-12-31,0.0,27.0,0.0,58.0,49.0,0.0,2226.1146,0.0,977.5159,863.7643
10202,POPLATEK MESICNE,305424,1997-06-19,48,6363.0,C,None,OWNER,213,1998-12-31,0.0,41.0,0.0,70.0,72.0,0.0,3778.5352,0.0,2324.615,1318.6901
10215,POPLATEK MESICNE,44304,1997-02-20,24,1846.0,C,None,OWNER,234,1998-12-31,0.0,35.0,0.0,89.0,78.0,0.0,2181.9744,0.0,1176.9444,684.9744
10233,POPLATEK MESICNE,239160,1997-05-03,60,3986.0,C,None,OWNER,291,1998-12-31,0.0,2.0,34.0,83.0,138.0,0.0,2.4055,3040.6117,2098.9416,865.5017
10243,POPLATEK MESICNE,113436,1998-09-22,36,3151.0,C,classic,OWNER,133,1998-12-31,1.0,42.0,0.0,71.0,3.0,29.3233,9012.9248,0.0,8601.0977,71.0752
10257,POPLATEK MESICNE,37812,1998-09-02,12,3151.0,C,None,OWNER,158,1998-12-31,0.0,41.0,0.0,75.0,22.0,0.0,7350.6899,0.0,5084.7848,1765.962
10266,POPLATEK MESICNE,75624,1993-12-23,24,3151.0,B,None,OWNER,453,1998-11-30,0.0,84.0,0.0,221.0,22.0,0.0,4844.8146,0.0,4685.4923,153.0287
10280,POPLATEK MESICNE,348120,1997-12-31,60,5802.0,C,classic,OWNER,145,1998-12-31,2.0,1.0,25.0,80.0,12.0,34.4828,4.1379,6602.6552,5484.8552,480.1655
10297,POPLATEK MESICNE,421008,1996-11-18,48,8771.0,C,classic,OWNER,228,1998-12-31,3.0,56.0,0.0,78.0,56.0,35.0877,3910.6272,0.0,1255.6579,2308.057
10320,POPLATEK MESICNE,259740,1993-12-13,60,4329.0,A,None,OWNER,441,1998-12-31,0.0,21.0,65.0,169.0,121.0,0.0,128.7982,4152.1587,1901.551,2306.1088
10345,POPLATEK MESICNE,31260,1998-01-21,12,2605.0,C,None,OWNER,382,1998-12-31,0.0,82.0,0.0,156.0,78.0,0.0,1990.5969,0.0,759.3717,1138.3822
10351,POPLATEK MESICNE,88704,1997-03-04,48,1848.0,C,None,OWNER,520,1998-12-31,0.0,122.0,0.0,186.0,124.0,0.0,1365.2615,0.0,484.7115,834.8308
10361,POPLATEK MESICNE,86880,1997-06-02,12,7240.0,A,classic,OWNER,160,1998-12-31,0.0,1.0,30.0,87.0,12.0,0.0,3.125,8823.75,8228.0188,543.0
10364,POPLATEK MESICNE,21924,1993-11-10,36,609.0,A,None,OWNER,974,1998-12-31,0.0,176.0,0.0,448.0,208.0,0.0,2430.117,0.0,1444.1684,907.7762
10365,POPLATEK MESICNE,260640,1997-01-04,36,7240.0,D,None,OWNER,352,1998-12-31,0.0,64.0,0.0,111.0,138.0,0.0,4514.5,0.0,2885.0653,1491.7955
10404,POPLATEK MESICNE,194280,1998-03-01,60,3238.0,C,classic,OWNER,208,1998-12-31,2.0,25.0,0.0,68.0,89.0,31.25,3079.0769,0.0,2252.6202,574.1346
10411,POPLATEK PO OBRATU,123408,1996-12-11,24,5142.0,A,gold,OWNER,322,1998-12-31,16.0,63.0,0.0,62.0,144.0,170.1863,3791.1646,0.0,1684.795,1769.7764
10436,POPLATEK MESICNE,54396,1996-09-28,36,1511.0,C,None,OWNER,189,1998-12-31,0.0,43.0,0.0,86.0,27.0,0.0,1581.2487,0.0,956.1905,215.8571
10439,POPLATEK MESICNE,151560,1994-06-03,24,6315.0,A,gold,OWNER,421,1998-12-31,0.0,3.0,61.0,216.0,80.0,0.0,45.8432,5985.0,4128.3159,1707.9905
10440,POPLATEK MESICNE,60000,1995-07-03,60,1000.0,C,None,OWNER,457,1998-12-31,0.0,98.0,0.0,136.0,160.0,0.0,1336.9168,0.0,523.7418,725.7987
10445,POPLATEK MESICNE,23412,1998-01-22,12,1951.0,C,classic,OWNER,410,1998-12-31,28.0,66.0,0.0,178.0,76.0,124.878,3982.1463,0.0,2984.0488,530.6293
10451,POPLATEK MESICNE,482940,1994-12-19,60,8049.0,D,None,OWNER,598,1998-12-31,0.0,105.0,0.0,142.0,223.0,0.0,1872.8712,0.0,484.3863,1381.1656
10478,POPLATEK TYDNE,267600,1998-01-02,48,5575.0,C,None,OWNER,193,1998-12-31,0.0,58.0,0.0,91.0,11.0,0.0,6026.9793,0.0,5582.2021,317.7461
10493,POPLATEK MESICNE,133800,1998-02-18,24,5575.0,C,None,OWNER,177,1998-12-31,0.0,40.0,0.0,65.0,48.0,0.0,4900.8023,0.0,3079.0734,1327.8757
10520,POPLATEK PO OBRATU,417600,1996-12-05,60,6960.0,C,gold,OWNER,202,1998-12-31,24.0,46.0,0.0,69.0,25.0,410.8911,5805.3614,0.0,4437.396,861.3861
10613,POPLATEK MESICNE,249792,1998-08-15,48,5204.0,C,classic,OWNER,77,1998-12-31,0.0,4.0,14.0,41.0,4.0,0.0,266.2338,6285.5714,5795.2468,270.3377
10630,POPLATEK MESICNE,198240,1995-06-24,24,8260.0,A,None,OWNER,304,1998-12-31,0.0,85.0,0.0,105.0,67.0,0.0,2701.5461,0.0,912.7303,1685.0954
10644,POPLATEK MESICNE,269964,1998-06-18,36,7499.0,C,junior,OWNER,120,1998-12-31,3.0,1.0,18.0,60.0,20.0,69.1667,3.3333,7311.2,4944.3667,1664.4667
10645,POPLATEK MESICNE,208332,1998-07-05,36,5787.0,C,None,OWNER,163,1998-12-31,0.0,1.0,24.0,88.0,26.0,0.0,3.0675,7857.4233,6962.7791,671.9141
10650,POPLATEK MESICNE,196224,1998-02-24,48,4088.0,C,gold,OWNER,94,1998-12-31,2.0,1.0,16.0,38.0,21.0,108.5106,3.1915,8731.5851,6589.9043,1646.766
10652,POPLATEK MESICNE,45720,1998-05-07,12,3810.0,C,None,OWNER,149,1998-12-31,0.0,1.0,21.0,64.0,42.0,0.0,4.698,4652.7919,3760.2282,621.2349
10663,POPLATEK MESICNE,260028,1995-10-28,36,7223.0,A,classic,OWNER,473,1998-12-31,5.0,4.0,60.0,197.0,147.0,25.7928,39.9577,5955.666,3715.9281,2199.2706
10679,POPLATEK MESICNE,197808,1997-10-02,24,8242.0,C,classic,OWNER,116,1998-12-31,2.0,1.0,19.0,45.0,30.0,46.5517,7.7586,8952.319,6578.5948,1928.2759
10711,POPLATEK MESICNE,24180,1997-12-24,60,403.0,C,None,OWNER,249,1998-12-31,0.0,31.0,0.0,77.0,112.0,0.0,2804.7631,0.0,2126.0241,386.3896
10728,POPLATEK MESICNE,154656,1996-03-21,48,3222.0,C,None,OWNER,333,1998-12-31,0.0,16.0,48.0,145.0,76.0,0.0,233.6336,3018.3544,2377.009,818.6396
10738,POPLATEK TYDNE,115992,1994-12-21,36,3222.0,A,classic,OWNER,550,1998-12-31,7.0,110.0,0.0,200.0,164.0,41.0909,4654.9964,0.0,3369.1836,1168.3345
10762,POPLATEK MESICNE,68832,1996-09-17,36,1912.0,C,None,OWNER,245,1998-12-31,0.0,42.0,0.0,105.0,60.0,0.0,3226.2571,0.0,2099.5714,942.7714
10774,POPLATEK MESICNE,339168,1998-04-23,48,7066.0,C,None,OWNER,104,1998-12-31,0.0,35.0,0.0,29.0,22.0,0.0,2199.6635,0.0,814.1827,1045.3846
10788,POPLATEK TYDNE,45768,1994-08-23,12,3814.0,A,None,OWNER,373,1998-12-31,0.0,60.0,0.0,197.0,12.0,0.0,3055.3592,0.0,2801.8954,122.7024
10789,POPLATEK MESICNE,45768,1997-12-09,12,3814.0,A,None,OWNER,572,1998-12-31,0.0,126.0,0.0,218.0,174.0,0.0,5814.5175,0.0,4194.4545,1378.8217
10799,POPLATEK MESICNE,31140,1998-07-11,60,519.0,C,None,OWNER,83,1998-12-31,0.0,27.0,0.0,34.0,6.0,0.0,1436.6386,0.0,742.9518,37.5181
10807,POPLATEK MESICNE,67464,1997-03-07,12,5622.0,A,None,OWNER,190,1998-12-31,0.0,2.0,33.0,110.0,12.0,0.0,5.2632,6391.8789,5560.9211,355.1368
10812,POPLATEK MESICNE,140688,1998-05-29,48,2931.0,C,None,OWNER,228,1998-12-12,0.0,54.0,0.0,122.0,14.0,0.0,4558.6667,0.0,4339.2193,179.9737
10857,POPLATEK MESICNE,385560,1997-11-30,60,6426.0,D,None,OWNER,158,1998-12-12,0.0,26.0,0.0,70.0,11.0,0.0,4226.1646,0.0,3836.6962,447.3797
10884,POPLATEK MESICNE,113544,1996-02-13,36,3154.0,C,None,OWNER,363,1998-12-31,0.0,25.0,46.0,130.0,116.0,0.0,626.7218,2606.6116,2085.3416,943.0579
10905,POPLATEK MESICNE,57120,1997-08-23,48,1190.0,C,classic,OWNER,177,1998-12-31,7.0,34.0,0.0,53.0,58.0,81.3559,1638.8136,0.0,563.6158,655.8249
10911,POPLATEK TYDNE,131292,1994-07-28,36,3647.0,A,None,OWNER,460,1998-12-31,0.0,16.0,67.0,211.0,99.0,0.0,130.6522,3472.5783,2234.1609,1286.8435
10915,POPLATEK TYDNE,152460,1998-06-11,60,2541.0,C,None,OWNER,175,1998-12-31,0.0,6.0,22.0,49.0,76.0,0.0,154.8571,2090.7543,948.5943,1187.6914
10940,POPLATEK MESICNE,197748,1994-02-23,36,5493.0,A,None,OWNER,856,1998-12-31,0.0,132.0,0.0,410.0,188.0,0.0,3872.1121,0.0,2285.1636,1480.6869
10942,POPLATEK TYDNE,314520,1995-10-02,60,5242.0,C,None,OWNER,441,1998-12-31,0.0,119.0,0.0,179.0,88.0,0.0,7143.0227,0.0,5421.39,1638.9932
10954,POPLATEK MESICNE,18720,1997-04-02,60,312.0,C,classic,OWNER,332,1998-12-31,32.0,62.0,0.0,138.0,42.0,210.8434,2474.5602,0.0,1993.1325,39.4699
10963,POPLATEK MESICNE,115812,1996-12-25,36,3217.0,C,None,OWNER,284,1998-12-31,0.0,70.0,0.0,146.0,24.0,0.0,5930.1901,0.0,5415.4754,271.8592
10973,POPLATEK TYDNE,154416,1993-10-13,48,3217.0,A,None,OWNER,474,1998-12-31,0.0,118.0,0.0,239.0,48.0,0.0,6620.211,0.0,6202.9662,325.7722
11013,POPLATEK TYDNE,274740,1993-09-06,60,4579.0,A,junior,OWNER,571,1998-12-31,11.0,4.0,70.0,225.0,191.0,57.9685,5.7793,5622.669,3785.7478,1665.1734
11021,POPLATEK MESICNE,168984,1995-03-04,24,7041.0,B,None,OWNER,499,1998-12-31,0.0,106.0,0.0,241.0,22.0,0.0,5108.1202,0.0,4632.8597,310.4248
11027,POPLATEK TYDNE,48096,1997-10-23,24,2004.0,C,None,OWNER,181,1998-12-31,0.0,14.0,29.0,71.0,38.0,0.0,383.4254,2092.7624,1563.5635,658.7403
11042,POPLATEK MESICNE,217152,1995-12-04,36,6032.0,A,classic,OWNER,321,1998-12-31,11.0,2.0,47.0,135.0,79.0,97.5078,12.4611,5749.9595,3747.0249,1806.5421
11054,POPLATEK TYDNE,148920,1996-08-20,60,2482.0,C,None,OWNER,232,1998-12-31,0.0,31.0,35.0,72.0,59.0,0.0,840.0862,2439.2069,1233.2629,1836.9914
11065,POPLATEK MESICNE,69360,1994-06-12,48,1445.0,A,None,OWNER,403,1998-12-31,0.0,71.0,0.0,214.0,49.0,0.0,2223.8685,0.0,1979.3052,175.6948
11069,POPLATEK MESICNE,119136,1997-03-04,48,2482.0,C,None,OWNER,256,1998-12-31,0.0,52.0,0.0,139.0,22.0,0.0,4659.1836,0.0,4023.1992,213.2969
11079,POPLATEK MESICNE,98304,1997-04-26,12,8192.0,A,classic,OWNER,246,1998-12-31,4.0,9.0,38.0,145.0,12.0,32.5203,81.7073,8291.4106,7576.3496,399.6098
11096,POPLATEK MESICNE,213300,1997-06-09,60,3555.0,C,None,OWNER,149,1998-12-31,0.0,28.0,0.0,58.0,39.0,0.0,4271.6242,0.0,2511.7114,1347.4161
11111,POPLATEK MESICNE,108144,1994-01-31,36,3004.0,A,None,OWNER,984,1998-12-31,0.0,242.0,0.0,404.0,202.0,0.0,5724.4939,0.0,4685.9553,845.5691
11135,POPLATEK MESICNE,182628,1994-03-01,36,5073.0,A,None,OWNER,416,1998-12-31,0.0,70.0,0.0,191.0,93.0,0.0,2564.0938,0.0,1573.8822,886.2404
11138,POPLATEK TYDNE,89880,1996-01-19,24,3745.0,A,classic,OWNER,325,1998-12-31,8.0,90.0,0.0,162.0,24.0,55.0769,8314.2185,0.0,7846.1815,276.5538
11141,POPLATEK TYDNE,44940,1997-10-07,12,3745.0,A,classic,OWNER,152,1998-12-31,5.0,45.0,0.0,68.0,12.0,86.8421,5850.4737,0.0,4891.3684,295.6579
11186,POPLATEK MESICNE,392460,1996-10-02,60,6541.0,C,junior,OWNER,678,1998-12-31,4.0,16.0,98.0,318.0,144.0,10.9145,123.0088,6193.8348,4268.7168,1823.177
11231,POPLATEK MESICNE,89280,1997-10-24,12,7440.0,A,None,OWNER,173,1998-12-31,0.0,2.0,23.0,76.0,49.0,0.0,39.3064,6451.289,4555.0,1559.1734
11244,POPLATEK MESICNE,155760,1997-12-11,24,6490.0,C,None,OWNER,170,1998-12-31,0.0,44.0,0.0,72.0,31.0,0.0,5958.0471,0.0,4083.2471,1783.2647
11265,POPLATEK MESICNE,52788,1993-09-15,12,4399.0,A,None,OWNER,484,1998-12-31,0.0,97.0,0.0,170.0,146.0,0.0,1343.1529,0.0,759.1529,539.9979
11271,POPLATEK MESICNE,67320,1997-01-31,36,1870.0,C,None,OWNER,303,1998-12-31,0.0,17.0,39.0,80.0,128.0,0.0,172.6073,1574.0429,547.1584,1145.5116
11317,POPLATEK MESICNE,317460,1998-11-22,60,5291.0,C,None,OWNER,155,1998-12-31,0.0,36.0,0.0,70.0,31.0,0.0,7257.5032,0.0,6025.8452,676.0387
11327,POPLATEK MESICNE,39168,1998-09-27,24,1632.0,C,None,OWNER,75,1998-12-31,0.0,16.0,0.0,33.0,12.0,0.0,4204.9867,0.0,2708.4667,508.44
11328,POPLATEK MESICNE,280440,1998-07-18,60,4674.0,C,None,OWNER,146,1998-12-31,0.0,38.0,0.0,78.0,5.0,0.0,4727.8151,0.0,4166.1301,160.0685
11349,POPLATEK TYDNE,419880,1995-10-29,60,6998.0,C,None,OWNER,608,1998-12-31,0.0,10.0,86.0,272.0,154.0,0.0,48.6842,6491.5658,4181.6414,2271.3092
11359,POPLATEK MESICNE,54024,1996-08-06,12,4502.0,A,classic,OWNER,378,1998-12-31,22.0,2.0,51.0,148.0,104.0,151.8519,10.582,3966.3413,2924.6534,723.6402
11362,POPLATEK MESICNE,129408,1996-12-27,24,5392.0,A,None,OWNER,344,1998-12-31,0.0,43.0,0.0,103.0,160.0,0.0,1976.9041,0.0,977.6599,899.5291
